time;Tac;hs;u;Rg;Ca;Pa
1990-07-18 01:00:00;13.41;86.39;0.73;0.12;400;101.3
1990-07-18 02:00:00;12.66;88.83;0.74;0.12;400;101.3
1990-07-18 03:00:00;12.33;90.26;0.73;0.12;400;101.3
1990-07-18 04:00:00;12.22;91.78;0.76;0.12;400;101.3
1990-07-18 05:00:00;11.98;92.58;0.97;0.35;400;101.3
1990-07-18 06:00:00;12.59;92.37;0.83;25.52;400;101.3
1990-07-18 07:00:00;14.75;86.6;1.02;121.41;400;101.3
1990-07-18 08:00:00;16.45;80.9;1.14;273.61;400;101.3
1990-07-18 09:00:00;18.87;73.2;1.37;520.31;400;101.3
1990-07-18 10:00:00;21.36;64.95;1.73;701.17;400;101.3
1990-07-18 11:00:00;23.57;58.3;2.07;810.8;400;101.3
1990-07-18 12:00:00;25.44;52.47;2.39;872.66;400;101.3
1990-07-18 13:00:00;27.31;48.11;2.59;893.54;400;101.3
1990-07-18 14:00:00;28.53;45.89;2.96;865.17;400;101.3
1990-07-18 15:00:00;28.96;43.68;3.2;790.85;400;101.3
1990-07-18 16:00:00;28.79;43.11;3.35;667.57;400;101.3
1990-07-18 17:00:00;27.86;44.21;3.49;502.9;400;101.3
1990-07-18 18:00:00;26.25;46.79;3.25;311.3;400;101.3
1990-07-18 19:00:00;24.19;50.84;2.87;131.94;400;101.3
1990-07-18 20:00:00;21.51;56.95;2.06;10.69;400;101.3
1990-07-18 21:00:00;18.86;66.11;1.55;0.23;400;101.3
1990-07-18 22:00:00;16.94;73.53;1.24;0.16;400;101.3
1990-07-18 23:00:00;15.54;79.21;1.02;0.16;400;101.3
1990-07-19 00:00:00;14.39;82.42;0.82;0.12;400;101.3
1990-07-19 01:00:00;13.62;84.61;0.74;0.12;400;101.3
1990-07-19 02:00:00;12.79;87.11;0.72;0.14;400;101.3
1990-07-19 03:00:00;12.47;89.32;0.77;0.12;400;101.3
1990-07-19 04:00:00;12.33;90.11;0.79;0.09;400;101.3
1990-07-19 05:00:00;12.24;92.26;1.11;0.3;400;101.3
1990-07-19 06:00:00;12.49;90.83;0.8;23.4;400;101.3
1990-07-19 07:00:00;14.47;84.53;0.98;115.59;400;101.3
1990-07-19 08:00:00;16.18;79.15;1.26;256.59;400;101.3
1990-07-19 09:00:00;18.08;72.95;1.46;475.83;400;101.3
1990-07-19 10:00:00;20.44;65.5;1.71;671.12;400;101.3
1990-07-19 11:00:00;22.75;59.15;1.96;826.95;400;101.3
1990-07-19 12:00:00;24.93;53.6;2.19;906.4;400;101.3
1990-07-19 13:00:00;26.72;49.5;2.58;905.08;400;101.3
1990-07-19 14:00:00;28.01;46.65;2.96;874.59;400;101.3
1990-07-19 15:00:00;28.65;44.55;3.33;794.29;400;101.3
1990-07-19 16:00:00;28.42;44.25;3.58;659.14;400;101.3
1990-07-19 17:00:00;27.44;45.4;3.68;499.83;400;101.3
1990-07-19 18:00:00;25.56;49.1;3.49;308.16;400;101.3
1990-07-19 19:00:00;23.29;53.55;3.01;128.85;400;101.3
1990-07-19 20:00:00;20.93;60.95;2.3;9.4;400;101.3
1990-07-19 21:00:00;18.85;67.95;1.77;0.16;400;101.3
1990-07-19 22:00:00;17.06;73.6;1.41;0.12;400;101.3
1990-07-19 23:00:00;15.69;78.5;1.08;0.12;400;101.3
1990-07-20 00:00:00;14.39;82.6;0.87;0.12;400;101.3
1990-07-20 01:00:00;13.5;85.25;0.75;0.12;400;101.3
1990-07-20 02:00:00;12.99;87.3;0.8;0.12;400;101.3
1990-07-20 03:00:00;12.72;88.65;0.78;0.12;400;101.3
1990-07-20 04:00:00;12.42;89.63;0.82;0.1;400;101.3
1990-07-20 05:00:00;12.32;89.89;0.81;0.36;400;101.3
1990-07-20 06:00:00;12.63;89.63;0.83;24.54;400;101.3
1990-07-20 07:00:00;14.8;84.2;1.12;123.89;400;101.3
1990-07-20 08:00:00;16.47;78.45;1.33;285.3;400;101.3
1990-07-20 09:00:00;18.17;73;1.41;445.13;400;101.3
1990-07-20 10:00:00;20.23;66.95;1.74;646.82;400;101.3
1990-07-20 11:00:00;22.54;60.75;2.1;816.28;400;101.3
1990-07-20 12:00:00;23.82;57.05;2.38;899.01;400;101.3
1990-07-20 13:00:00;25.67;53.68;2.73;905.64;400;101.3
1990-07-20 14:00:00;26.86;51.21;3.16;886.48;400;101.3
1990-07-20 15:00:00;27.55;49.26;3.42;796.76;400;101.3
1990-07-20 16:00:00;27.54;48.32;3.54;658.85;400;101.3
1990-07-20 17:00:00;26.87;48.74;3.43;487.21;400;101.3
1990-07-20 18:00:00;25.48;51.53;3.27;302.32;400;101.3
1990-07-20 19:00:00;23.25;57.26;2.81;126.08;400;101.3
1990-07-20 20:00:00;20.46;65.05;2.3;9.63;400;101.3
1990-07-20 21:00:00;18.43;72.05;1.79;0.15;400;101.3
1990-07-20 22:00:00;16.17;79.12;1.51;0.15;400;101.3
1990-07-20 23:00:00;15.25;80.28;1.15;0.12;400;101.3
1990-07-21 00:00:00;14.09;83.28;0.85;0.15;400;101.3
1990-07-21 01:00:00;13.1;86.39;0.75;0.1;400;101.3
1990-07-21 02:00:00;12.51;88.56;0.77;0.1;400;101.3
1990-07-21 03:00:00;12.28;90.61;0.88;0.1;400;101.3
1990-07-21 04:00:00;12.28;92.06;0.86;0.1;400;101.3
1990-07-21 05:00:00;12.27;92.33;0.88;0.29;400;101.3
1990-07-21 06:00:00;12.57;92.12;0.84;19.42;400;101.3
1990-07-21 07:00:00;14.13;87.72;1.07;95.64;400;101.3
1990-07-21 08:00:00;14.94;84.29;1.21;213.5;400;101.3
1990-07-21 09:00:00;16.51;80.06;1.37;400.95;400;101.3
1990-07-21 10:00:00;19.02;72;1.68;644.98;400;101.3
1990-07-21 11:00:00;21.58;64.74;2.01;810.12;400;101.3
1990-07-21 12:00:00;24.35;57.06;2.42;879.11;400;101.3
1990-07-21 13:00:00;26.39;50.63;2.99;891.34;400;101.3
1990-07-21 14:00:00;26.96;48.79;3.34;886.7;400;101.3
1990-07-21 15:00:00;27.53;46.95;3.5;786.09;400;101.3
1990-07-21 16:00:00;27.28;47.21;3.55;656.62;400;101.3
1990-07-21 17:00:00;26.58;48.05;3.41;489.23;400;101.3
1990-07-21 18:00:00;25.32;50.16;3.17;300.24;400;101.3
1990-07-21 19:00:00;23.18;54.95;2.81;124.14;400;101.3
1990-07-21 20:00:00;20.32;63.84;2.24;8.75;400;101.3
1990-07-21 21:00:00;18.21;71;1.83;0.18;400;101.3
1990-07-21 22:00:00;16.58;75.89;1.34;0.12;400;101.3
1990-07-21 23:00:00;15.05;81.05;1.02;0.09;400;101.3
1990-07-22 00:00:00;13.88;84.42;0.92;0.14;400;101.3
1990-07-22 01:00:00;12.93;87.26;0.79;0.12;400;101.3
1990-07-22 02:00:00;12.41;90.63;0.8;0.09;400;101.3
1990-07-22 03:00:00;12.06;92.74;0.82;0.09;400;101.3
1990-07-22 04:00:00;11.86;93.39;0.77;0.07;400;101.3
1990-07-22 05:00:00;11.83;94.22;0.84;0.21;400;101.3
1990-07-22 06:00:00;12.34;94.35;0.79;20.09;400;101.3
1990-07-22 07:00:00;13.71;91;0.95;117.12;400;101.3
1990-07-22 08:00:00;15.57;82;1.1;274.09;400;101.3
1990-07-22 09:00:00;17.63;77.05;1.37;475.69;400;101.3
1990-07-22 10:00:00;19.8;70.32;1.52;665.1;400;101.3
1990-07-22 11:00:00;22.15;63.58;1.81;820.72;400;101.3
1990-07-22 12:00:00;24.35;57.74;2.26;905.81;400;101.3
1990-07-22 13:00:00;26.25;53.26;2.67;906.13;400;101.3
1990-07-22 14:00:00;27.57;48.95;2.99;866.69;400;101.3
1990-07-22 15:00:00;28.53;45.9;3.21;785.72;400;101.3
1990-07-22 16:00:00;28.73;43.5;3.35;657.34;400;101.3
1990-07-22 17:00:00;28.05;44.25;3.35;489.55;400;101.3
1990-07-22 18:00:00;26.51;46.85;3.18;306.2;400;101.3
1990-07-22 19:00:00;24.31;52.3;2.71;123.61;400;101.3
1990-07-22 20:00:00;21.24;63;2.05;8.91;400;101.3
1990-07-22 21:00:00;18.71;72.5;1.66;0.18;400;101.3
1990-07-22 22:00:00;16.88;79.05;1.17;0.12;400;101.3
1990-07-22 23:00:00;15.53;83.6;0.93;0.14;400;101.3
1990-07-23 00:00:00;14.36;86.65;0.84;0.14;400;101.3
1990-07-23 01:00:00;13.53;89.55;0.78;0.09;400;101.3
1990-07-23 02:00:00;12.97;90.6;0.78;0.07;400;101.3
1990-07-23 03:00:00;12.46;91.8;0.79;0.07;400;101.3
1990-07-23 04:00:00;12.14;93.55;0.77;0.07;400;101.3
1990-07-23 05:00:00;12;94.3;0.81;0.23;400;101.3
1990-07-23 06:00:00;12.29;94.8;0.78;19.31;400;101.3
1990-07-23 07:00:00;14.06;90.4;0.93;99.29;400;101.3
1990-07-23 08:00:00;15.49;84.8;1.16;231.07;400;101.3
1990-07-23 09:00:00;17.31;78.65;1.29;429.87;400;101.3
1990-07-23 10:00:00;19.64;71.35;1.62;653.04;400;101.3
1990-07-23 11:00:00;21.95;64.45;1.92;810.39;400;101.3
1990-07-23 12:00:00;23.75;58.89;2.21;874.87;400;101.3
1990-07-23 13:00:00;25.67;53.47;2.6;893.12;400;101.3
1990-07-23 14:00:00;26.99;49.32;2.89;856.58;400;101.3
1990-07-23 15:00:00;27.58;46.89;3.16;754.66;400;101.3
1990-07-23 16:00:00;27.35;47.16;3.43;619.58;400;101.3
1990-07-23 17:00:00;26.65;48.26;3.42;474.91;400;101.3
1990-07-23 18:00:00;25.07;51.68;3.24;298.39;400;101.3
1990-07-23 19:00:00;23.03;56.84;2.74;122.61;400;101.3
1990-07-23 20:00:00;20.42;64.11;2.02;8.5;400;101.3
1990-07-23 21:00:00;18.42;70.95;1.55;0.16;400;101.3
1990-07-23 22:00:00;17;76.9;1.22;0.12;400;101.3
1990-07-23 23:00:00;15.67;81.5;0.97;0.12;400;101.3
1990-07-24 00:00:00;14.25;84.84;0.85;0.12;400;101.3
1990-07-24 01:00:00;13.54;87.35;0.81;0.14;400;101.3
1990-07-24 02:00:00;12.82;89.35;0.81;0.12;400;101.3
1990-07-24 03:00:00;12.39;90.8;0.82;0.09;400;101.3
1990-07-24 04:00:00;11.75;92.47;0.77;0.09;400;101.3
1990-07-24 05:00:00;11.51;94.37;0.79;0.28;400;101.3
1990-07-24 06:00:00;11.85;94.68;0.75;27.58;400;101.3
1990-07-24 07:00:00;14.63;86.5;0.98;133.28;400;101.3
1990-07-24 08:00:00;16.24;80.15;1.25;282.78;400;101.3
1990-07-24 09:00:00;18.1;73.25;1.42;477.63;400;101.3
1990-07-24 10:00:00;20.41;66.4;1.68;682.16;400;101.3
1990-07-24 11:00:00;22.84;59.65;2;837.29;400;101.3
1990-07-24 12:00:00;24.98;54.3;2.46;904.18;400;101.3
1990-07-24 13:00:00;27.03;49.95;3.14;920.9;400;101.3
1990-07-24 14:00:00;28.09;47.71;3.44;876.35;400;101.3
1990-07-24 15:00:00;28.08;47.1;3.53;776;400;101.3
1990-07-24 16:00:00;27.91;46.4;3.64;657.57;400;101.3
1990-07-24 17:00:00;26.88;48.4;3.47;488.74;400;101.3
1990-07-24 18:00:00;25.31;51.9;3.2;294.53;400;101.3
1990-07-24 19:00:00;23.14;57.4;2.71;119.86;400;101.3
1990-07-24 20:00:00;20.13;66.9;2.14;7.53;400;101.3
1990-07-24 21:00:00;17.93;74.75;1.58;0.12;400;101.3
1990-07-24 22:00:00;16.14;81;1.18;0.12;400;101.3
1990-07-24 23:00:00;14.63;85.55;0.87;0.12;400;101.3
1990-07-25 00:00:00;13.43;88.65;0.8;0.14;400;101.3
1990-07-25 01:00:00;12.61;90.75;0.72;0.14;400;101.3
1990-07-25 02:00:00;12.32;91.95;0.73;0.14;400;101.3
1990-07-25 03:00:00;12.1;92.75;0.82;0.07;400;101.3
1990-07-25 04:00:00;11.99;92.8;0.87;0.05;400;101.3
1990-07-25 05:00:00;11.9;93.24;0.87;0.28;400;101.3
1990-07-25 06:00:00;12.32;93.2;0.88;22.43;400;101.3
1990-07-25 07:00:00;13.68;89.75;0.96;122.43;400;101.3
1990-07-25 08:00:00;15.35;84.1;1.25;275.85;400;101.3
1990-07-25 09:00:00;17.2;77.6;1.48;484.28;400;101.3
1990-07-25 10:00:00;19.74;70.38;1.76;663.9;400;101.3
1990-07-25 11:00:00;22.13;63.67;2.01;807.16;400;101.3
1990-07-25 12:00:00;24.32;58.1;2.44;876.23;400;101.3
1990-07-25 13:00:00;26.31;52.95;2.74;916.53;400;101.3
1990-07-25 14:00:00;27.86;49.29;3.1;882.36;400;101.3
1990-07-25 15:00:00;28.71;47.14;3.43;800.57;400;101.3
1990-07-25 16:00:00;28.85;45.95;3.57;664.38;400;101.3
1990-07-25 17:00:00;27.96;47.1;3.5;491.61;400;101.3
1990-07-25 18:00:00;26.44;49.71;3.17;300.17;400;101.3
1990-07-25 19:00:00;24.16;55.1;2.65;119.84;400;101.3
1990-07-25 20:00:00;21.16;64;2.03;7.3;400;101.3
1990-07-25 21:00:00;18.69;72.05;1.51;0.18;400;101.3
1990-07-25 22:00:00;16.59;78.35;1.14;0.12;400;101.3
1990-07-25 23:00:00;15.05;83.65;0.92;0.12;400;101.3
1990-07-26 00:00:00;13.92;87.1;0.81;0.14;400;101.3
1990-07-26 01:00:00;13.15;89.33;0.68;0.12;400;101.3
1990-07-26 02:00:00;12.44;91.9;0.72;0.12;400;101.3
1990-07-26 03:00:00;12.22;94.38;0.75;0.09;400;101.3
1990-07-26 04:00:00;12.18;94.9;0.82;0.07;400;101.3
1990-07-26 05:00:00;12.18;94.86;0.9;0.18;400;101.3
1990-07-26 06:00:00;12.47;94.81;0.85;18.91;400;101.3
1990-07-26 07:00:00;14.13;91.14;0.97;104.04;400;101.3
1990-07-26 08:00:00;15.77;85.38;1.11;246.75;400;101.3
1990-07-26 09:00:00;17.78;77.24;1.33;458.14;400;101.3
1990-07-26 10:00:00;20.14;69.52;1.65;657.64;400;101.3
1990-07-26 11:00:00;22.66;62.48;1.97;821.75;400;101.3
1990-07-26 12:00:00;24.98;56.19;2.3;894.99;400;101.3
1990-07-26 13:00:00;27.06;50.62;2.66;922.1;400;101.3
1990-07-26 14:00:00;28.52;46.71;3.05;884.46;400;101.3
1990-07-26 15:00:00;29.34;44.62;3.34;794.82;400;101.3
1990-07-26 16:00:00;29.4;42.76;3.37;660.66;400;101.3
1990-07-26 17:00:00;28.79;43.57;3.14;489.85;400;101.3
1990-07-26 18:00:00;26.84;48.55;3;303.43;400;101.3
1990-07-26 19:00:00;24.62;54.05;2.73;118.52;400;101.3
1990-07-26 20:00:00;21.31;64.57;2.02;6.84;400;101.3
1990-07-26 21:00:00;18.73;72.71;1.71;0.18;400;101.3
1990-07-26 22:00:00;16.8;79.1;1.3;0.12;400;101.3
1990-07-26 23:00:00;15.37;83.9;1.1;0.14;400;101.3
1990-07-27 00:00:00;14.32;86.71;0.93;0.16;400;101.3
1990-07-27 01:00:00;13.24;89.19;0.8;0.12;400;101.3
1990-07-27 02:00:00;12.68;90.9;0.81;0.09;400;101.3
1990-07-27 03:00:00;12.38;92.14;0.9;0.09;400;101.3
1990-07-27 04:00:00;12.21;93.24;0.88;0.09;400;101.3
1990-07-27 05:00:00;12.19;94.19;0.89;0.18;400;101.3
1990-07-27 06:00:00;12.43;94.29;0.91;17.46;400;101.3
1990-07-27 07:00:00;13.71;90.43;0.98;92.52;400;101.3
1990-07-27 08:00:00;14.58;87.2;1.29;226.59;400;101.3
1990-07-27 09:00:00;16.28;81.45;1.49;443.41;400;101.3
1990-07-27 10:00:00;18.66;73.75;1.68;672.6;400;101.3
1990-07-27 11:00:00;21.05;66.5;2.02;802.68;400;101.3
1990-07-27 12:00:00;23.49;59.8;2.18;893.25;400;101.3
1990-07-27 13:00:00;25.65;54.65;2.52;909.35;400;101.3
1990-07-27 14:00:00;27.03;51.4;2.92;864.29;400;101.3
1990-07-27 15:00:00;27.81;49.3;3.2;771.17;400;101.3
1990-07-27 16:00:00;27.62;49.15;3.36;631.63;400;101.3
1990-07-27 17:00:00;27.14;48.75;3.24;474.88;400;101.3
1990-07-27 18:00:00;26.01;50.1;3.07;287.26;400;101.3
1990-07-27 19:00:00;23.7;55.52;2.61;108.27;400;101.3
1990-07-27 20:00:00;20.64;65.38;2.04;6.42;400;101.3
1990-07-27 21:00:00;18.19;75.14;1.49;0.18;400;101.3
1990-07-27 22:00:00;16.53;80.67;1.17;0.14;400;101.3
1990-07-27 23:00:00;15.15;84.57;0.97;0.14;400;101.3
1990-07-28 00:00:00;13.85;87.76;0.81;0.12;400;101.3
1990-07-28 01:00:00;12.93;89.9;0.83;0.07;400;101.3
1990-07-28 02:00:00;12.48;91.3;0.77;0.09;400;101.3
1990-07-28 03:00:00;12.04;92.6;0.75;0.07;400;101.3
1990-07-28 04:00:00;11.94;94.3;0.81;0.07;400;101.3
1990-07-28 05:00:00;12.12;94.7;0.88;0.18;400;101.3
1990-07-28 06:00:00;12.42;94.2;0.86;14.64;400;101.3
1990-07-28 07:00:00;13.55;90.75;1.03;91.16;400;101.3
1990-07-28 08:00:00;15.03;84.57;1.18;228.6;400;101.3
1990-07-28 09:00:00;16.95;77.95;1.38;475.12;400;101.3
1990-07-28 10:00:00;18.93;71.65;1.61;696.39;400;101.3
1990-07-28 11:00:00;21.23;65.05;1.89;824.68;400;101.3
1990-07-28 12:00:00;23.49;58.65;2.21;899.44;400;101.3
1990-07-28 13:00:00;25.61;53.3;2.59;915.56;400;101.3
1990-07-28 14:00:00;26.95;50.4;3.09;877.16;400;101.3
1990-07-28 15:00:00;28.19;47.14;3.37;787.43;400;101.3
1990-07-28 16:00:00;27.63;46.95;3.46;627.61;400;101.3
1990-07-28 17:00:00;27.23;47.86;3.44;485.16;400;101.3
1990-07-28 18:00:00;25.24;52.43;3.27;299.87;400;101.3
1990-07-28 19:00:00;22.78;57.57;2.86;113.12;400;101.3
1990-07-28 20:00:00;20.02;65.71;2.29;6.37;400;101.3
1990-07-28 21:00:00;17.88;72.81;1.88;0.16;400;101.3
1990-07-28 22:00:00;16.16;79.29;1.45;0.14;400;101.3
1990-07-28 23:00:00;14.45;85.35;1.2;0.12;400;101.3
1990-07-29 00:00:00;13.66;87.79;1.02;0.14;400;101.3
1990-07-29 01:00:00;12.74;90.11;0.87;0.16;400;101.3
1990-07-29 02:00:00;12.44;92.53;0.88;0.14;400;101.3
1990-07-29 03:00:00;12.54;93.25;0.9;0.07;400;101.3
1990-07-29 04:00:00;12.78;93.2;0.89;0.07;400;101.3
1990-07-29 05:00:00;12.95;92.5;0.88;0.12;400;101.3
1990-07-29 06:00:00;13.12;91.9;0.91;11.94;400;101.3
1990-07-29 07:00:00;13.72;89.89;1.05;75.24;400;101.3
1990-07-29 08:00:00;15.14;85.2;1.19;194.3;400;101.3
1990-07-29 09:00:00;16.72;80.1;1.38;419.59;400;101.3
1990-07-29 10:00:00;18.79;72;1.63;678.54;400;101.3
1990-07-29 11:00:00;21.22;64.81;1.9;816.19;400;101.3
1990-07-29 12:00:00;23.48;59;2.22;895.66;400;101.3
1990-07-29 13:00:00;25.63;53.67;2.49;915.59;400;101.3
1990-07-29 14:00:00;27.25;49.43;2.97;882.86;400;101.3
1990-07-29 15:00:00;28.19;47.29;3.24;783.46;400;101.3
1990-07-29 16:00:00;27.93;47.05;3.37;648.31;400;101.3
1990-07-29 17:00:00;27.17;47.9;3.36;479.64;400;101.3
1990-07-29 18:00:00;25.56;51;3.14;298.34;400;101.3
1990-07-29 19:00:00;23.14;56.3;2.67;108.57;400;101.3
1990-07-29 20:00:00;20.36;64.5;2.12;5.52;400;101.3
1990-07-29 21:00:00;18.31;72.29;1.75;0.16;400;101.3
1990-07-29 22:00:00;16.24;78.85;1.32;0.16;400;101.3
1990-07-29 23:00:00;14.86;82.95;1.04;0.14;400;101.3
1990-07-30 00:00:00;13.99;85.95;0.83;0.14;400;101.3
1990-07-30 01:00:00;13.06;89.67;0.77;0.14;400;101.3
1990-07-30 02:00:00;12.87;92.24;0.89;0.07;400;101.3
1990-07-30 03:00:00;12.83;92.9;0.95;0.07;400;101.3
1990-07-30 04:00:00;12.7;93.38;0.88;0.05;400;101.3
1990-07-30 05:00:00;12.61;92.1;0.92;0.09;400;101.3
1990-07-30 06:00:00;12.91;92.58;0.91;15.38;400;101.3
1990-07-30 07:00:00;14.3;87.29;1.06;92.94;400;101.3
1990-07-30 08:00:00;15.66;82.67;1.19;226.24;400;101.3
1990-07-30 09:00:00;17.48;76.81;1.39;403.38;400;101.3
1990-07-30 10:00:00;19.19;70.9;1.67;601.33;400;101.3
1990-07-30 11:00:00;21.38;64.85;1.97;765.19;400;101.3
1990-07-30 12:00:00;23.5;59.05;2.23;852.49;400;101.3
1990-07-30 13:00:00;25.94;52.74;2.48;870.3;400;101.3
1990-07-30 14:00:00;27.46;49;2.89;843.81;400;101.3
1990-07-30 15:00:00;28.11;47.21;3.34;777.11;400;101.3
1990-07-30 16:00:00;28.07;47.16;3.36;632.81;400;101.3
1990-07-30 17:00:00;27.12;49.3;3.26;472.48;400;101.3
1990-07-30 18:00:00;25.38;52.6;3.08;285.04;400;101.3
1990-07-30 19:00:00;23.05;57.95;2.69;99.29;400;101.3
1990-07-30 20:00:00;20.31;66.35;2.17;5.36;400;101.3
1990-07-30 21:00:00;18.03;73.55;1.66;0.16;400;101.3
1990-07-30 22:00:00;16.41;78.55;1.23;0.12;400;101.3
1990-07-30 23:00:00;15.05;82.8;0.96;0.12;400;101.3
1990-07-31 00:00:00;13.92;86.4;0.84;0.12;400;101.3
1990-07-31 01:00:00;12.99;90.35;0.74;0.09;400;101.3
1990-07-31 02:00:00;12.32;92.65;0.75;0.09;400;101.3
1990-07-31 03:00:00;12.44;92.24;0.76;0.09;400;101.3
1990-07-31 04:00:00;11.95;93.45;0.74;0.09;400;101.3
1990-07-31 05:00:00;12.03;93.95;0.75;0.14;400;101.3
1990-07-31 06:00:00;12.67;93.58;0.81;14.34;400;101.3
1990-07-31 07:00:00;13.98;90.75;1.02;95.29;400;101.3
1990-07-31 08:00:00;15.47;85.4;1.11;219.68;400;101.3
1990-07-31 09:00:00;17.4;77.8;1.21;409.09;400;101.3
1990-07-31 10:00:00;19.89;69.16;1.57;639.05;400;101.3
1990-07-31 11:00:00;22.01;63.4;1.91;812.84;400;101.3
1990-07-31 12:00:00;24.29;56.8;2.29;899.74;400;101.3
1990-07-31 13:00:00;25.91;52.58;2.73;910.81;400;101.3
1990-07-31 14:00:00;27.36;49.26;3.17;880.71;400;101.3
1990-07-31 15:00:00;28.11;47.32;3.33;784.8;400;101.3
1990-07-31 16:00:00;28.19;46.74;3.31;641.84;400;101.3
1990-07-31 17:00:00;27.08;46.72;3.21;468.56;400;101.3
1990-07-31 18:00:00;26.3;48.2;3.03;283.17;400;101.3
1990-07-31 19:00:00;24.12;53.05;2.57;99.56;400;101.3
1990-07-31 20:00:00;20.95;63.19;1.96;4.9;400;101.3
1990-07-31 21:00:00;18.52;71.33;1.55;0.18;400;101.3
1990-07-31 22:00:00;16.74;77.57;1.11;0.14;400;101.3
1990-07-31 23:00:00;15.3;82.24;0.78;0.12;400;101.3
1990-08-01 00:00:00;14;85.67;0.75;0.12;400;101.3
1990-08-01 01:00:00;13.28;89.24;0.79;0.12;400;101.3
1990-08-01 02:00:00;12.91;91.14;0.81;0.09;400;101.3
1990-08-01 03:00:00;12.46;92.7;0.88;0.12;400;101.3
1990-08-01 04:00:00;12.01;93.68;0.84;0.09;400;101.3
1990-08-01 05:00:00;12.1;94.15;0.87;0.12;400;101.3
1990-08-01 06:00:00;12.44;93.71;0.85;14.85;400;101.3
1990-08-01 07:00:00;13.72;91;0.94;94.16;400;101.3
1990-08-01 08:00:00;15.54;85.76;1.15;233.28;400;101.3
1990-08-01 09:00:00;17.28;80;1.32;418.81;400;101.3
1990-08-01 10:00:00;19.75;70.33;1.59;641.05;400;101.3
1990-08-01 11:00:00;22.33;63.05;1.9;798.24;400;101.3
1990-08-01 12:00:00;24.84;56.24;2.21;893.65;400;101.3
1990-08-01 13:00:00;27;51.52;2.62;905.03;400;101.3
1990-08-01 14:00:00;28.39;48.38;3.07;865.52;400;101.3
1990-08-01 15:00:00;29.3;46;3.27;770.39;400;101.3
1990-08-01 16:00:00;29.62;43.76;3.34;643.53;400;101.3
1990-08-01 17:00:00;28.56;44.4;3.28;480.15;400;101.3
1990-08-01 18:00:00;27.46;44.43;3;279.5;400;101.3
1990-08-01 19:00:00;24.75;51.14;2.63;98.55;400;101.3
1990-08-01 20:00:00;21.89;59.86;1.91;4.76;400;101.3
1990-08-01 21:00:00;19.32;68.14;1.41;0.18;400;101.3
1990-08-01 22:00:00;17.2;74.81;0.98;0.14;400;101.3
1990-08-01 23:00:00;15.37;81;0.81;0.12;400;101.3
1990-08-02 00:00:00;14.02;84.81;0.74;0.14;400;101.3
1990-08-02 01:00:00;13.13;87.29;0.76;0.14;400;101.3
1990-08-02 02:00:00;12.53;89.67;0.75;0.14;400;101.3
1990-08-02 03:00:00;12.11;91.76;0.86;0.12;400;101.3
1990-08-02 04:00:00;11.89;93;0.83;0.09;400;101.3
1990-08-02 05:00:00;11.74;93.43;0.78;0.16;400;101.3
1990-08-02 06:00:00;12;92.71;0.77;16.49;400;101.3
1990-08-02 07:00:00;14.08;87.81;0.88;106.68;400;101.3
1990-08-02 08:00:00;15.79;81.43;1.05;242.59;400;101.3
1990-08-02 09:00:00;18.14;74.5;1.25;435.51;400;101.3
1990-08-02 10:00:00;20.66;66.95;1.57;658.42;400;101.3
1990-08-02 11:00:00;22.71;61.43;1.95;797.99;400;101.3
1990-08-02 12:00:00;24.59;57;2.27;881.39;400;101.3
1990-08-02 13:00:00;26.73;51.9;2.73;914.95;400;101.3
1990-08-02 14:00:00;28.21;47.6;3.11;875.98;400;101.3
1990-08-02 15:00:00;28.84;45.2;3.47;787.06;400;101.3
1990-08-02 16:00:00;28.91;43.8;3.33;654.93;400;101.3
1990-08-02 17:00:00;28.51;41.85;3.21;477.77;400;101.3
1990-08-02 18:00:00;27.06;43.95;2.99;288.46;400;101.3
1990-08-02 19:00:00;24.72;49.25;2.45;94.21;400;101.3
1990-08-02 20:00:00;21.81;59.19;1.85;4.25;400;101.3
1990-08-02 21:00:00;18.74;69.45;1.56;0.21;400;101.3
1990-08-02 22:00:00;16.76;76.7;1.18;0.21;400;101.3
1990-08-02 23:00:00;15.08;81.95;0.9;0.12;400;101.3
1990-08-03 00:00:00;13.96;85.1;0.74;0.12;400;101.3
1990-08-03 01:00:00;13.11;87.95;0.76;0.09;400;101.3
1990-08-03 02:00:00;12.43;90.52;0.75;0.12;400;101.3
1990-08-03 03:00:00;11.81;92.1;0.76;0.14;400;101.3
1990-08-03 04:00:00;11.66;92.71;0.8;0.09;400;101.3
1990-08-03 05:00:00;11.81;93.24;0.86;0.12;400;101.3
1990-08-03 06:00:00;12.28;92.52;0.92;13.83;400;101.3
1990-08-03 07:00:00;13.42;91.9;1.03;83.72;400;101.3
1990-08-03 08:00:00;14.46;89;1.11;199.57;400;101.3
1990-08-03 09:00:00;16.27;81.95;1.24;414.91;400;101.3
1990-08-03 10:00:00;18.79;72.25;1.61;656.16;400;101.3
1990-08-03 11:00:00;21.3;65.25;1.91;796.35;400;101.3
1990-08-03 12:00:00;23.85;59.05;2.34;875.66;400;101.3
1990-08-03 13:00:00;25.83;54.47;2.75;892.24;400;101.3
1990-08-03 14:00:00;27.32;50.63;3.05;861.59;400;101.3
1990-08-03 15:00:00;27.91;48.35;3.27;781.13;400;101.3
1990-08-03 16:00:00;27.83;47.9;3.39;634.66;400;101.3
1990-08-03 17:00:00;27.25;48.63;3.37;462.2;400;101.3
1990-08-03 18:00:00;25.65;52.21;3.15;279.75;400;101.3
1990-08-03 19:00:00;23.27;58.32;2.59;87.46;400;101.3
1990-08-03 20:00:00;20.57;66.63;1.91;3.97;400;101.3
1990-08-03 21:00:00;18.05;74.8;1.61;0.16;400;101.3
1990-08-03 22:00:00;16.22;81;1.29;0.14;400;101.3
1990-08-03 23:00:00;14.83;85.4;1.07;0.12;400;101.3
1990-08-04 00:00:00;13.83;88;0.91;0.12;400;101.3
1990-08-04 01:00:00;13.01;89.95;0.85;0.12;400;101.3
1990-08-04 02:00:00;12.58;90.76;0.79;0.09;400;101.3
1990-08-04 03:00:00;12.25;92.81;0.94;0.12;400;101.3
1990-08-04 04:00:00;12.18;93.62;0.94;0.09;400;101.3
1990-08-04 05:00:00;12.1;93.43;0.95;0.16;400;101.3
1990-08-04 06:00:00;12.09;93.14;0.88;14.76;400;101.3
1990-08-04 07:00:00;13.69;89.6;1.06;95.96;400;101.3
1990-08-04 08:00:00;15.03;84.1;1.17;219.45;400;101.3
1990-08-04 09:00:00;16.81;78.85;1.3;411.97;400;101.3
1990-08-04 10:00:00;19.15;70.9;1.49;632.35;400;101.3
1990-08-04 11:00:00;21.54;64.3;1.78;786.74;400;101.3
1990-08-04 12:00:00;23.88;58;2.18;885.08;400;101.3
1990-08-04 13:00:00;25.94;52.6;2.69;915.8;400;101.3
1990-08-04 14:00:00;27.45;48.7;3.13;878.2;400;101.3
1990-08-04 15:00:00;28.18;46.65;3.34;788.45;400;101.3
1990-08-04 16:00:00;28.26;44.65;3.35;636.57;400;101.3
1990-08-04 17:00:00;27.57;45.05;3.36;469.69;400;101.3
1990-08-04 18:00:00;25.86;48.7;3.19;285.55;400;101.3
1990-08-04 19:00:00;22.74;57.68;2.69;84.67;400;101.3
1990-08-04 20:00:00;20.13;65.68;2.11;3.7;400;101.3
1990-08-04 21:00:00;18.11;72.9;1.51;0.18;400;101.3
1990-08-04 22:00:00;16.21;78.95;1.18;0.16;400;101.3
1990-08-04 23:00:00;14.69;83.45;0.9;0.14;400;101.3
1990-08-05 00:00:00;13.53;86.85;0.85;0.12;400;101.3
1990-08-05 01:00:00;12.73;89.75;0.87;0.14;400;101.3
1990-08-05 02:00:00;12.65;91.57;0.92;0.12;400;101.3
1990-08-05 03:00:00;12.35;93.05;0.95;0.09;400;101.3
1990-08-05 04:00:00;11.96;93.67;0.93;0.14;400;101.3
1990-08-05 05:00:00;11.62;94.1;0.95;0.18;400;101.3
1990-08-05 06:00:00;11.58;93.81;0.85;13.67;400;101.3
1990-08-05 07:00:00;13.33;90.8;0.98;104.25;400;101.3
1990-08-05 08:00:00;15.42;84.43;1.26;252.29;400;101.3
1990-08-05 09:00:00;17.42;76.71;1.43;435.41;400;101.3
1990-08-05 10:00:00;20.01;68.5;1.69;624.59;400;101.3
1990-08-05 11:00:00;22.08;62.86;1.97;775.38;400;101.3
1990-08-05 12:00:00;23.82;57.75;2.37;864.36;400;101.3
1990-08-05 13:00:00;25.7;52.25;2.66;884.41;400;101.3
1990-08-05 14:00:00;27.11;48.2;2.97;860.71;400;101.3
1990-08-05 15:00:00;27.88;45.85;3.28;768.52;400;101.3
1990-08-05 16:00:00;27.7;45.35;3.36;617.52;400;101.3
1990-08-05 17:00:00;27.03;45.9;3.33;443.27;400;101.3
1990-08-05 18:00:00;25.46;48.4;3.18;261.58;400;101.3
1990-08-05 19:00:00;23.34;53.52;2.66;75.15;400;101.3
1990-08-05 20:00:00;20.49;62.33;2.19;3.65;400;101.3
1990-08-05 21:00:00;18.28;70.29;1.79;0.18;400;101.3
1990-08-05 22:00:00;16.75;76.05;1.4;0.14;400;101.3
1990-08-05 23:00:00;15.34;80.24;1.11;0.12;400;101.3
1990-08-06 00:00:00;14.09;84.14;0.97;0.12;400;101.3
1990-08-06 01:00:00;13.36;87.86;0.84;0.14;400;101.3
1990-08-06 02:00:00;12.86;90.19;0.9;0.12;400;101.3
1990-08-06 03:00:00;12.7;90.95;0.88;0.09;400;101.3
1990-08-06 04:00:00;12.54;91.95;0.89;0.07;400;101.3
1990-08-06 05:00:00;12.51;92.1;0.92;0.12;400;101.3
1990-08-06 06:00:00;12.6;91.81;1.01;13.81;400;101.3
1990-08-06 07:00:00;14.16;87.05;1.13;103.93;400;101.3
1990-08-06 08:00:00;15.98;80.57;1.21;233.4;400;101.3
1990-08-06 09:00:00;17.71;74.86;1.43;415.11;400;101.3
1990-08-06 10:00:00;20.39;66.55;1.71;625.12;400;101.3
1990-08-06 11:00:00;22.96;59;1.99;747.99;400;101.3
1990-08-06 12:00:00;24.71;54.15;2.3;813.34;400;101.3
1990-08-06 13:00:00;26.56;49.4;2.7;857.83;400;101.3
1990-08-06 14:00:00;27.83;46.65;3.07;816.72;400;101.3
1990-08-06 15:00:00;28.41;45.3;3.24;723.02;400;101.3
1990-08-06 16:00:00;28.11;45.71;3.42;624.93;400;101.3
1990-08-06 17:00:00;27.41;46.86;3.38;454.26;400;101.3
1990-08-06 18:00:00;25.79;50;3.16;259.89;400;101.3
1990-08-06 19:00:00;23.29;56.05;2.75;70.83;400;101.3
1990-08-06 20:00:00;20.73;63.67;2.04;3.42;400;101.3
1990-08-06 21:00:00;18.52;70.81;1.59;0.14;400;101.3
1990-08-06 22:00:00;16.83;77.05;1.28;0.12;400;101.3
1990-08-06 23:00:00;15.45;82.14;1.04;0.12;400;101.3
1990-08-07 00:00:00;14.26;85.76;0.88;0.09;400;101.3
1990-08-07 01:00:00;13.53;88.48;0.86;0.09;400;101.3
1990-08-07 02:00:00;13.11;90.43;0.81;0.09;400;101.3
1990-08-07 03:00:00;12.85;91.14;0.86;0.07;400;101.3
1990-08-07 04:00:00;12.64;91.62;0.91;0.07;400;101.3
1990-08-07 05:00:00;12.35;91.76;0.88;0.07;400;101.3
1990-08-07 06:00:00;12.28;92.24;0.96;12.24;400;101.3
1990-08-07 07:00:00;13.99;88.95;1.06;99.49;400;101.3
1990-08-07 08:00:00;15.89;82.24;1.26;239.57;400;101.3
1990-08-07 09:00:00;17.86;75.29;1.37;421.35;400;101.3
1990-08-07 10:00:00;20.19;67.62;1.59;602.69;400;101.3
1990-08-07 11:00:00;22.56;60.76;2.06;793.58;400;101.3
1990-08-07 12:00:00;24.72;54.76;2.55;879.24;400;101.3
1990-08-07 13:00:00;26.32;50.29;2.85;887.13;400;101.3
1990-08-07 14:00:00;27.45;47.1;3.03;850.25;400;101.3
1990-08-07 15:00:00;28.19;45.1;3.25;769.69;400;101.3
1990-08-07 16:00:00;28.02;45.14;3.39;628.61;400;101.3
1990-08-07 17:00:00;27.16;45.95;3.41;455.09;400;101.3
1990-08-07 18:00:00;25.51;49.43;3.14;263.91;400;101.3
1990-08-07 19:00:00;22.71;57.2;2.76;71.69;400;101.3
1990-08-07 20:00:00;20.58;63.33;2.19;3.21;400;101.3
1990-08-07 21:00:00;18.43;70.67;1.59;0.14;400;101.3
1990-08-07 22:00:00;16.72;76.33;1.18;0.14;400;101.3
1990-08-07 23:00:00;15.34;80.43;0.92;0.12;400;101.3
1990-08-08 00:00:00;14.33;83.62;0.87;0.12;400;101.3
1990-08-08 01:00:00;13.59;85.81;0.8;0.09;400;101.3
1990-08-08 02:00:00;12.83;87.52;0.78;0.12;400;101.3
1990-08-08 03:00:00;12.23;91.7;0.82;0.07;400;101.3
1990-08-08 04:00:00;12.05;92.65;0.85;0.02;400;101.3
1990-08-08 05:00:00;11.99;93.1;0.84;0.05;400;101.3
1990-08-08 06:00:00;12.17;92.8;0.83;12.33;400;101.3
1990-08-08 07:00:00;13.94;89.35;0.88;96.4;400;101.3
1990-08-08 08:00:00;15.9;81.8;1.07;244.95;400;101.3
1990-08-08 09:00:00;18.08;74.4;1.31;432.92;400;101.3
1990-08-08 10:00:00;20.34;67.85;1.65;632.23;400;101.3
1990-08-08 11:00:00;23.13;58.62;1.98;788.19;400;101.3
1990-08-08 12:00:00;25.33;53;2.41;873.09;400;101.3
1990-08-08 13:00:00;27.18;47.86;2.65;885.1;400;101.3
1990-08-08 14:00:00;28.69;44.19;2.87;862.86;400;101.3
1990-08-08 15:00:00;29.6;41.57;3.14;778.52;400;101.3
1990-08-08 16:00:00;29.42;41.29;3.42;635.4;400;101.3
1990-08-08 17:00:00;28.23;43.52;3.49;457.01;400;101.3
1990-08-08 18:00:00;26.33;47.43;3.39;264.58;400;101.3
1990-08-08 19:00:00;23.94;53.19;2.73;69.36;400;101.3
1990-08-08 20:00:00;21.13;61.29;1.85;3.07;400;101.3
1990-08-08 21:00:00;18.66;68.1;1.41;0.16;400;101.3
1990-08-08 22:00:00;16.86;73.71;1.08;0.16;400;101.3
1990-08-08 23:00:00;15.3;78.57;0.9;0.16;400;101.3
1990-08-09 00:00:00;14.19;81.52;0.84;0.14;400;101.3
1990-08-09 01:00:00;13.51;84.05;0.79;0.12;400;101.3
1990-08-09 02:00:00;13.08;86.19;0.82;0.12;400;101.3
1990-08-09 03:00:00;12.71;88.38;0.81;0.07;400;101.3
1990-08-09 04:00:00;12.35;90.24;0.88;0.07;400;101.3
1990-08-09 05:00:00;12.01;91.19;0.87;0.09;400;101.3
1990-08-09 06:00:00;12;91.71;0.89;11.13;400;101.3
1990-08-09 07:00:00;13.99;87.57;0.98;92.59;400;101.3
1990-08-09 08:00:00;16.15;79.1;1.13;242.32;400;101.3
1990-08-09 09:00:00;18.23;73.4;1.28;459.9;400;101.3
1990-08-09 10:00:00;20.85;66.3;1.54;641.54;400;101.3
1990-08-09 11:00:00;23.38;59.95;1.93;782.65;400;101.3
1990-08-09 12:00:00;25.56;54.55;2.39;868.01;400;101.3
1990-08-09 13:00:00;27.39;48.65;2.81;875.01;400;101.3
1990-08-09 14:00:00;28.9;43.4;3.02;840.69;400;101.3
1990-08-09 15:00:00;29.35;41.21;3.09;740.55;400;101.3
1990-08-09 16:00:00;29.27;40.47;3.26;613.62;400;101.3
1990-08-09 17:00:00;28.68;39.7;3.3;441.47;400;101.3
1990-08-09 18:00:00;27.02;41.9;3.07;254.69;400;101.3
1990-08-09 19:00:00;24.2;49.68;2.66;65.47;400;101.3
1990-08-09 20:00:00;21.16;61.16;2.09;2.82;400;101.3
1990-08-09 21:00:00;18.64;69.63;1.48;0.16;400;101.3
1990-08-09 22:00:00;16.86;75.05;1.16;0.14;400;101.3
1990-08-09 23:00:00;15.47;76.86;0.95;0.12;400;101.3
1990-08-10 00:00:00;14.38;80.33;0.9;0.16;400;101.3
1990-08-10 01:00:00;13.64;83.76;0.87;0.14;400;101.3
1990-08-10 02:00:00;12.53;86.75;0.8;0.12;400;101.3
1990-08-10 03:00:00;12.11;89;0.84;0.09;400;101.3
1990-08-10 04:00:00;11.87;90.2;0.84;0.09;400;101.3
1990-08-10 05:00:00;11.84;90.9;0.85;0.12;400;101.3
1990-08-10 06:00:00;11.98;91.35;0.85;10.07;400;101.3
1990-08-10 07:00:00;14.12;86.86;0.93;95.54;400;101.3
1990-08-10 08:00:00;16.32;79.38;1.16;240.81;400;101.3
1990-08-10 09:00:00;18.22;74.19;1.29;411.88;400;101.3
1990-08-10 10:00:00;20.97;65.65;1.56;611.35;400;101.3
1990-08-10 11:00:00;23.25;59.86;1.84;764.2;400;101.3
1990-08-10 12:00:00;25.69;53.29;2.17;850.62;400;101.3
1990-08-10 13:00:00;28.01;46.42;2.6;863.97;400;101.3
1990-08-10 14:00:00;29.42;41.16;3;839.33;400;101.3
1990-08-10 15:00:00;30.6;37.5;3.17;757.69;400;101.3
1990-08-10 16:00:00;30.65;36.15;3.29;620.94;400;101.3
1990-08-10 17:00:00;29.58;37;3.38;446.48;400;101.3
1990-08-10 18:00:00;27.42;41.6;3.26;259.96;400;101.3
1990-08-10 19:00:00;25.04;46.4;2.64;66.01;400;101.3
1990-08-10 20:00:00;21.79;57.05;1.85;2.73;400;101.3
1990-08-10 21:00:00;18.94;68;1.43;0.16;400;101.3
1990-08-10 22:00:00;16.73;75.75;1.04;0.16;400;101.3
1990-08-10 23:00:00;14.97;80.85;0.92;0.14;400;101.3
1990-08-11 00:00:00;13.81;84.15;0.98;0.18;400;101.3
1990-08-11 01:00:00;13.02;86.55;0.87;0.14;400;101.3
1990-08-11 02:00:00;12.33;88.35;0.88;0.14;400;101.3
1990-08-11 03:00:00;11.82;90.15;0.89;0.07;400;101.3
1990-08-11 04:00:00;11.34;91.7;0.84;0.09;400;101.3
1990-08-11 05:00:00;11;93.05;0.8;0.09;400;101.3
1990-08-11 06:00:00;11.08;94.6;0.75;13.09;400;101.3
1990-08-11 07:00:00;13.85;88.76;0.79;114.28;400;101.3
1990-08-11 08:00:00;16.26;79.57;1.01;263.08;400;101.3
1990-08-11 09:00:00;18.49;73;1.39;471.74;400;101.3
1990-08-11 10:00:00;21.02;64.76;1.64;633.99;400;101.3
1990-08-11 11:00:00;23.39;58.24;1.93;775.12;400;101.3
1990-08-11 12:00:00;25.65;52.95;2.31;845.26;400;101.3
1990-08-11 13:00:00;27.69;48.43;2.71;879.14;400;101.3
1990-08-11 14:00:00;29.13;44.52;3.05;850.02;400;101.3
1990-08-11 15:00:00;30.17;40.38;3.04;758.12;400;101.3
1990-08-11 16:00:00;30.18;39.33;3.15;622.83;400;101.3
1990-08-11 17:00:00;29.4;40.71;3.2;449.11;400;101.3
1990-08-11 18:00:00;27.72;43.67;3.09;259.52;400;101.3
1990-08-11 19:00:00;24.91;50.14;2.57;66.63;400;101.3
1990-08-11 20:00:00;21.54;58.95;1.84;2.29;400;101.3
1990-08-11 21:00:00;18.84;67.4;1.44;0.16;400;101.3
1990-08-11 22:00:00;16.81;74.05;1.16;0.16;400;101.3
1990-08-11 23:00:00;15.21;80.9;0.96;0.14;400;101.3
1990-08-12 00:00:00;13.66;84.79;0.85;0.09;400;101.3
1990-08-12 01:00:00;12.7;87.74;0.75;0.09;400;101.3
1990-08-12 02:00:00;11.99;89.89;0.77;0.09;400;101.3
1990-08-12 03:00:00;12.09;91.4;0.79;0.14;400;101.3
1990-08-12 04:00:00;12.26;91.48;0.77;0.14;400;101.3
1990-08-12 05:00:00;12.11;92.38;0.8;0.09;400;101.3
1990-08-12 06:00:00;12.07;93.19;0.84;9.91;400;101.3
1990-08-12 07:00:00;13.66;89.2;0.95;91.27;400;101.3
1990-08-12 08:00:00;15.49;82.2;1.02;226.06;400;101.3
1990-08-12 09:00:00;17.57;75.9;1.24;421.35;400;101.3
1990-08-12 10:00:00;20.23;67.25;1.54;647.41;400;101.3
1990-08-12 11:00:00;23.04;58.9;1.86;800.76;400;101.3
1990-08-12 12:00:00;25.4;52.75;2.3;880.85;400;101.3
1990-08-12 13:00:00;27.95;47.38;2.79;896.51;400;101.3
1990-08-12 14:00:00;29.09;44.7;3.13;856.05;400;101.3
1990-08-12 15:00:00;30.43;41.24;3.34;762.63;400;101.3
1990-08-12 16:00:00;30.16;40.35;3.28;617.34;400;101.3
1990-08-12 17:00:00;29.49;40.86;3.52;447.38;400;101.3
1990-08-12 18:00:00;27.4;44.76;3.2;259.52;400;101.3
1990-08-12 19:00:00;24.33;51.2;2.57;65.2;400;101.3
1990-08-12 20:00:00;21.76;58.67;1.94;2.22;400;101.3
1990-08-12 21:00:00;19.21;66.75;1.49;0.16;400;101.3
1990-08-12 22:00:00;16.99;73.95;1.05;0.14;400;101.3
1990-08-12 23:00:00;15.07;78.79;0.82;0.12;400;101.3
1990-08-13 00:00:00;13.62;83;0.77;0.09;400;101.3
1990-08-13 01:00:00;12.86;85.56;0.76;0.12;400;101.3
1990-08-13 02:00:00;12.42;87.95;0.78;0.12;400;101.3
1990-08-13 03:00:00;12.27;90.2;0.82;0.09;400;101.3
1990-08-13 04:00:00;12.4;91.3;0.82;0.09;400;101.3
1990-08-13 05:00:00;12.49;91.14;0.84;0.09;400;101.3
1990-08-13 06:00:00;12.81;91.5;0.87;8.2;400;101.3
1990-08-13 07:00:00;14.19;88.6;0.98;79.98;400;101.3
1990-08-13 08:00:00;15.63;82.76;1.16;208.71;400;101.3
1990-08-13 09:00:00;17.53;76.29;1.33;392.92;400;101.3
1990-08-13 10:00:00;20.01;68.9;1.56;613.02;400;101.3
1990-08-13 11:00:00;22.54;62;1.93;773.76;400;101.3
1990-08-13 12:00:00;24.9;55.33;2.2;850.76;400;101.3
1990-08-13 13:00:00;27.04;50.1;2.59;860.37;400;101.3
1990-08-13 14:00:00;28.69;46;2.92;810;400;101.3
1990-08-13 15:00:00;29.85;42.48;3.37;756.85;400;101.3
1990-08-13 16:00:00;30.17;40.38;3.47;612.23;400;101.3
1990-08-13 17:00:00;29.34;41.19;3.55;450.73;400;101.3
1990-08-13 18:00:00;27.5;44.5;3.33;252.2;400;101.3
1990-08-13 19:00:00;24.72;50.86;2.54;62.43;400;101.3
1990-08-13 20:00:00;21.06;62.58;1.84;2.03;400;101.3
1990-08-13 21:00:00;18.97;68.75;1.23;0.18;400;101.3
1990-08-13 22:00:00;16.54;76.42;0.96;0.14;400;101.3
1990-08-13 23:00:00;15.35;79.9;0.89;0.09;400;101.3
1990-08-14 00:00:00;14.34;82.48;0.82;0.14;400;101.3
1990-08-14 01:00:00;13.46;85.4;0.8;0.17;400;101.3
1990-08-14 02:00:00;12.98;86.75;0.79;0.07;400;101.3
1990-08-14 03:00:00;12.49;88.1;0.81;0.1;400;101.3
1990-08-14 04:00:00;12.09;89.52;0.85;0.07;400;101.3
1990-08-14 05:00:00;11.9;90.62;0.9;0.07;400;101.3
1990-08-14 06:00:00;11.81;91.62;0.91;9.45;400;101.3
1990-08-14 07:00:00;13.82;87.95;1.02;82.22;400;101.3
1990-08-14 08:00:00;15.48;81.52;1.29;222.82;400;101.3
1990-08-14 09:00:00;17.44;74.71;1.38;414.37;400;101.3
1990-08-14 10:00:00;19.65;67.62;1.65;618.33;400;101.3
1990-08-14 11:00:00;22.14;60.62;1.96;775.05;400;101.3
1990-08-14 12:00:00;24.43;54.48;2.24;856.37;400;101.3
1990-08-14 13:00:00;26.42;49.1;2.68;861.87;400;101.3
1990-08-14 14:00:00;28.02;45.71;2.97;835.01;400;101.3
1990-08-14 15:00:00;28.93;43.57;3.19;744.8;400;101.3
1990-08-14 16:00:00;28.84;42.52;3.32;602.37;400;101.3
1990-08-14 17:00:00;27.88;43.24;3.37;440.77;400;101.3
1990-08-14 18:00:00;26.05;46.81;3.1;239.98;400;101.3
1990-08-14 19:00:00;23.29;53.71;2.67;56.61;400;101.3
1990-08-14 20:00:00;20.17;63.3;1.93;1.99;400;101.3
1990-08-14 21:00:00;18.18;70.52;1.58;0.16;400;101.3
1990-08-14 22:00:00;16.4;76.48;1.16;0.12;400;101.3
1990-08-14 23:00:00;14.54;82.65;0.92;0.09;400;101.3
1990-08-15 00:00:00;13.31;86.3;0.78;0.14;400;101.3
1990-08-15 01:00:00;12.72;88.3;0.72;0.17;400;101.3
1990-08-15 02:00:00;12.3;89.85;0.76;0.19;400;101.3
1990-08-15 03:00:00;12.35;90.45;0.82;0.1;400;101.3
1990-08-15 04:00:00;12.12;91.05;0.94;0.14;400;101.3
1990-08-15 05:00:00;11.87;91.24;0.99;0.14;400;101.3
1990-08-15 06:00:00;11.79;91.67;0.96;8.57;400;101.3
1990-08-15 07:00:00;13.34;89.1;0.99;82.27;400;101.3
1990-08-15 08:00:00;15.23;83.76;1.2;211.83;400;101.3
1990-08-15 09:00:00;17.12;77.33;1.31;386.31;400;101.3
1990-08-15 10:00:00;19.43;70;1.52;607.2;400;101.3
1990-08-15 11:00:00;22.01;62.48;1.86;771.5;400;101.3
1990-08-15 12:00:00;24.29;56.43;2.4;873.53;400;101.3
1990-08-15 13:00:00;26.34;50.95;2.84;888.84;400;101.3
1990-08-15 14:00:00;28.05;46.24;3.25;852.81;400;101.3
1990-08-15 15:00:00;28.95;42.33;3.46;750.53;400;101.3
1990-08-15 16:00:00;28.98;41.38;3.55;609.88;400;101.3
1990-08-15 17:00:00;28.16;42.05;3.5;436.66;400;101.3
1990-08-15 18:00:00;26.04;47.1;3.37;249.57;400;101.3
1990-08-15 19:00:00;23.25;56.05;2.58;56.47;400;101.3
1990-08-15 20:00:00;20.58;64.67;1.92;1.69;400;101.3
1990-08-15 21:00:00;18.16;72.48;1.38;0.16;400;101.3
1990-08-15 22:00:00;16.25;78.9;1.04;0.14;400;101.3
1990-08-15 23:00:00;14.76;83.57;0.87;0.14;400;101.3
1990-08-16 00:00:00;13.6;87;0.79;0.18;400;101.3
1990-08-16 01:00:00;12.91;89.29;0.86;0.14;400;101.3
1990-08-16 02:00:00;12.32;91.29;0.79;0.14;400;101.3
1990-08-16 03:00:00;11.94;92.24;0.76;0.16;400;101.3
1990-08-16 04:00:00;11.66;92.62;0.77;0.16;400;101.3
1990-08-16 05:00:00;11.43;92.9;0.8;0.18;400;101.3
1990-08-16 06:00:00;11.53;93.25;0.87;8.66;400;101.3
1990-08-16 07:00:00;13.44;90.1;0.93;94.85;400;101.3
1990-08-16 08:00:00;15.75;82.86;1.19;245.96;400;101.3
1990-08-16 09:00:00;17.93;75.71;1.39;447.03;400;101.3
1990-08-16 10:00:00;20.32;68.14;1.7;634.91;400;101.3
1990-08-16 11:00:00;22.9;60.57;1.98;780.34;400;101.3
1990-08-16 12:00:00;25.3;54;2.41;865.66;400;101.3
1990-08-16 13:00:00;27.39;48.52;2.88;890.71;400;101.3
1990-08-16 14:00:00;28.92;43.71;3.19;847.85;400;101.3
1990-08-16 15:00:00;29.84;39.9;3.39;753.2;400;101.3
1990-08-16 16:00:00;29.82;38.71;3.65;607.31;400;101.3
1990-08-16 17:00:00;28.66;41.48;3.68;431.53;400;101.3
1990-08-16 18:00:00;26.75;46;3.38;241.07;400;101.3
1990-08-16 19:00:00;23.93;53.43;2.7;50.23;400;101.3
1990-08-16 20:00:00;20.98;62.57;2.17;1.43;400;101.3
1990-08-16 21:00:00;18.71;70.38;1.58;0.14;400;101.3
1990-08-16 22:00:00;16.55;77.05;1.25;0.16;400;101.3
1990-08-16 23:00:00;15.12;81.38;1;0.12;400;101.3
1990-08-17 00:00:00;13.87;85.05;0.87;0.14;400;101.3
1990-08-17 01:00:00;12.86;87.71;0.76;0.16;400;101.3
1990-08-17 02:00:00;12.47;89.9;0.8;0.16;400;101.3
1990-08-17 03:00:00;12.1;92;0.8;0.16;400;101.3
1990-08-17 04:00:00;11.52;94;0.84;0.16;400;101.3
1990-08-17 05:00:00;11.29;94.62;0.81;0.16;400;101.3
1990-08-17 06:00:00;11.16;94.95;0.79;8.48;400;101.3
1990-08-17 07:00:00;13.06;91.38;0.83;93.44;400;101.3
1990-08-17 08:00:00;15.15;84.19;1.14;231.71;400;101.3
1990-08-17 09:00:00;17.41;74.7;1.45;425.97;400;101.3
1990-08-17 10:00:00;19.83;66.55;1.73;635.84;400;101.3
1990-08-17 11:00:00;22.27;58.8;2.13;785.15;400;101.3
1990-08-17 12:00:00;24.1;54.9;2.43;863.99;400;101.3
1990-08-17 13:00:00;26.09;49.71;2.88;889.17;400;101.3
1990-08-17 14:00:00;27.4;46.81;3.28;834.62;400;101.3
1990-08-17 15:00:00;28.19;44.67;3.45;742.93;400;101.3
1990-08-17 16:00:00;28.12;43.81;3.57;605.65;400;101.3
1990-08-17 17:00:00;27.02;45.33;3.58;431.83;400;101.3
1990-08-17 18:00:00;25.23;48.9;3.23;234.92;400;101.3
1990-08-17 19:00:00;22.57;55.33;2.63;46.88;400;101.3
1990-08-17 20:00:00;19.93;63.24;2.09;1.41;400;101.3
1990-08-17 21:00:00;17.56;72.05;1.52;0.16;400;101.3
1990-08-17 22:00:00;15.84;78.19;1.11;0.12;400;101.3
1990-08-17 23:00:00;14.36;82.43;0.91;0.12;400;101.3
1990-08-18 00:00:00;13.23;84.67;0.85;0.16;400;101.3
1990-08-18 01:00:00;12.39;87.71;0.77;0.18;400;101.3
1990-08-18 02:00:00;11.9;90.86;0.8;0.16;400;101.3
1990-08-18 03:00:00;11.65;92.05;0.87;0.16;400;101.3
1990-08-18 04:00:00;11.56;92.76;0.87;0.12;400;101.3
1990-08-18 05:00:00;11.65;93.1;0.9;0.09;400;101.3
1990-08-18 06:00:00;12.1;93.65;0.91;5.64;400;101.3
1990-08-18 07:00:00;12.83;91.52;1.01;57.74;400;101.3
1990-08-18 08:00:00;14.21;87;1.14;167.86;400;101.3
1990-08-18 09:00:00;15.8;81.43;1.26;344;400;101.3
1990-08-18 10:00:00;18.08;72.52;1.52;554.89;400;101.3
1990-08-18 11:00:00;20.56;64.95;1.88;739.74;400;101.3
1990-08-18 12:00:00;22.86;58.81;2.24;827.66;400;101.3
1990-08-18 13:00:00;25.36;51.95;2.61;846.67;400;101.3
1990-08-18 14:00:00;27.02;47.7;3.01;817.64;400;101.3
1990-08-18 15:00:00;27.59;46.43;3.35;738.91;400;101.3
1990-08-18 16:00:00;27.59;45.33;3.51;590.06;400;101.3
1990-08-18 17:00:00;26.83;45.86;3.5;416.22;400;101.3
1990-08-18 18:00:00;24.95;50;3.24;228.78;400;101.3
1990-08-18 19:00:00;22.18;58.81;2.6;44.48;400;101.3
1990-08-18 20:00:00;19.28;68.76;2.06;1.11;400;101.3
1990-08-18 21:00:00;17.04;76;1.59;0.18;400;101.3
1990-08-18 22:00:00;15.33;81.29;1.13;0.16;400;101.3
1990-08-18 23:00:00;14.03;85.38;0.95;0.12;400;101.3
1990-08-19 00:00:00;13.08;87.86;0.89;0.14;400;101.3
1990-08-19 01:00:00;12.34;89.9;0.82;0.14;400;101.3
1990-08-19 02:00:00;12.05;90.95;0.82;0.18;400;101.3
1990-08-19 03:00:00;11.78;93.1;0.83;0.14;400;101.3
1990-08-19 04:00:00;11.76;94.33;0.82;0.14;400;101.3
1990-08-19 05:00:00;11.71;94.62;0.85;0.14;400;101.3
1990-08-19 06:00:00;11.71;94.71;0.92;5.43;400;101.3
1990-08-19 07:00:00;13;93.14;0.91;63.77;400;101.3
1990-08-19 08:00:00;14.64;85.86;1.09;176.08;400;101.3
1990-08-19 09:00:00;16.3;80.24;1.27;342.02;400;101.3
1990-08-19 10:00:00;18.61;72.67;1.58;556.78;400;101.3
1990-08-19 11:00:00;21.11;65.05;1.99;754.94;400;101.3
1990-08-19 12:00:00;23.32;58.67;2.41;819.49;400;101.3
1990-08-19 13:00:00;25.21;53.29;2.94;838.24;400;101.3
1990-08-19 14:00:00;26.25;50.9;3.19;796.74;400;101.3
1990-08-19 15:00:00;26.99;48.95;3.38;715.28;400;101.3
1990-08-19 16:00:00;26.79;48.48;3.55;578.72;400;101.3
1990-08-19 17:00:00;25.84;50.05;3.37;396.71;400;101.3
1990-08-19 18:00:00;24.13;54.86;3.17;211.85;400;101.3
1990-08-19 19:00:00;22;60.9;2.61;39.79;400;101.3
1990-08-19 20:00:00;19.64;68.05;1.97;1.06;400;101.3
1990-08-19 21:00:00;17.68;74.3;1.49;0.16;400;101.3
1990-08-19 22:00:00;15.72;80.5;1.15;0.18;400;101.3
1990-08-19 23:00:00;14.2;85.15;0.95;0.16;400;101.3
1990-08-20 00:00:00;13.15;88.19;0.82;0.21;400;101.3
1990-08-20 01:00:00;12.76;89.29;0.9;0.16;400;101.3
1990-08-20 02:00:00;12.41;90.33;0.9;0.14;400;101.3
1990-08-20 03:00:00;12.02;92.14;0.84;0.12;400;101.3
1990-08-20 04:00:00;11.97;93.76;0.94;0.12;400;101.3
1990-08-20 05:00:00;11.89;94.29;0.92;0.09;400;101.3
1990-08-20 06:00:00;12.1;94.33;0.98;5.03;400;101.3
1990-08-20 07:00:00;13.23;92.9;1.05;59.17;400;101.3
1990-08-20 08:00:00;14.41;88;1.23;159.61;400;101.3
1990-08-20 09:00:00;15.96;82.81;1.26;333.73;400;101.3
1990-08-20 10:00:00;18.55;74.15;1.53;575.69;400;101.3
1990-08-20 11:00:00;20.79;67.19;1.84;760.96;400;101.3
1990-08-20 12:00:00;23.13;60.71;2.15;837.87;400;101.3
1990-08-20 13:00:00;25.35;54.9;2.56;851.18;400;101.3
1990-08-20 14:00:00;26.74;51.38;3.23;813.71;400;101.3
1990-08-20 15:00:00;27.43;49.1;3.41;718.45;400;101.3
1990-08-20 16:00:00;27.4;47.76;3.35;592.95;400;101.3
1990-08-20 17:00:00;26.57;48.86;3.23;406.78;400;101.3
1990-08-20 18:00:00;24.95;52.33;2.98;224.09;400;101.3
1990-08-20 19:00:00;22.29;59.62;2.4;38.85;400;101.3
1990-08-20 20:00:00;19.73;68;1.81;0.99;400;101.3
1990-08-20 21:00:00;17.7;74.71;1.21;0.14;400;101.3
1990-08-20 22:00:00;15.75;81.24;0.85;0.14;400;101.3
1990-08-20 23:00:00;14.33;85.9;0.76;0.14;400;101.3
1990-08-21 00:00:00;13.31;89;0.78;0.18;400;101.3
1990-08-21 01:00:00;12.7;91.86;0.79;0.12;400;101.3
1990-08-21 02:00:00;12.24;93.81;0.81;0.14;400;101.3
1990-08-21 03:00:00;11.73;94.81;0.72;0.14;400;101.3
1990-08-21 04:00:00;11.53;95.14;0.77;0.16;400;101.3
1990-08-21 05:00:00;11.37;95.43;0.75;0.16;400;101.3
1990-08-21 06:00:00;11.45;95.29;0.77;6.26;400;101.3
1990-08-21 07:00:00;13.02;93.43;0.81;80.14;400;101.3
1990-08-21 08:00:00;15;86.43;1.08;216.01;400;101.3
1990-08-21 09:00:00;16.94;78.86;1.27;412.85;400;101.3
1990-08-21 10:00:00;19.45;71;1.55;640.45;400;101.3
1990-08-21 11:00:00;22.13;62.86;1.84;781.75;400;101.3
1990-08-21 12:00:00;24.48;56.1;2.2;854.02;400;101.3
1990-08-21 13:00:00;26.53;50.43;2.64;868.17;400;101.3
1990-08-21 14:00:00;28.09;46.48;2.73;805.86;400;101.3
1990-08-21 15:00:00;29.16;43.24;3.05;709.16;400;101.3
1990-08-21 16:00:00;29.49;41.29;3.29;593.22;400;101.3
1990-08-21 17:00:00;28.64;42.19;3.18;403.59;400;101.3
1990-08-21 18:00:00;26.51;47;3.06;213.45;400;101.3
1990-08-21 19:00:00;23.71;54.43;2.43;34.9;400;101.3
1990-08-21 20:00:00;20.86;63.43;2.03;1.02;400;101.3
1990-08-21 21:00:00;18.48;70.9;1.38;0.3;400;101.3
1990-08-21 22:00:00;16.59;76.9;1.14;0.25;400;101.3
1990-08-21 23:00:00;15.07;81.71;0.96;0.28;400;101.3
1990-08-22 00:00:00;13.93;85.57;0.78;0.28;400;101.3
1990-08-22 01:00:00;13.07;87.95;0.82;0.28;400;101.3
1990-08-22 02:00:00;12.56;89.24;0.78;0.23;400;101.3
1990-08-22 03:00:00;12.17;90.71;0.74;0.25;400;101.3
1990-08-22 04:00:00;11.95;92.29;0.85;0.25;400;101.3
1990-08-22 05:00:00;11.88;92.2;0.86;0.28;400;101.3
1990-08-22 06:00:00;11.82;92.5;0.92;5.1;400;101.3
1990-08-22 07:00:00;13.24;91.14;0.9;68.06;400;101.3
1990-08-22 08:00:00;15.24;85.76;1.15;213.22;400;101.3
1990-08-22 09:00:00;17.39;77.43;1.31;393.64;400;101.3
1990-08-22 10:00:00;19.92;68.48;1.68;602.62;400;101.3
1990-08-22 11:00:00;22.49;61.33;2.1;759.05;400;101.3
1990-08-22 12:00:00;25.05;55;2.52;835.05;400;101.3
1990-08-22 13:00:00;27.17;49.3;2.82;872.42;400;101.3
1990-08-22 14:00:00;28.27;46.19;3.07;821.08;400;101.3
1990-08-22 15:00:00;28.99;43.24;3.33;732.84;400;101.3
1990-08-22 16:00:00;28.85;42.81;3.51;582.37;400;101.3
1990-08-22 17:00:00;27.97;44.33;3.4;406.48;400;101.3
1990-08-22 18:00:00;26.1;48.71;3.14;216.61;400;101.3
1990-08-22 19:00:00;23.36;56.05;2.54;33.42;400;101.3
1990-08-22 20:00:00;20.53;64.33;2.07;0.79;400;101.3
1990-08-22 21:00:00;18.46;70.85;1.52;0.18;400;101.3
1990-08-22 22:00:00;16.69;76.3;1.16;0.12;400;101.3
1990-08-22 23:00:00;15.06;80.86;0.93;0.14;400;101.3
1990-08-23 00:00:00;13.82;85.4;0.85;0.16;400;101.3
1990-08-23 01:00:00;13.06;87.9;0.8;0.14;400;101.3
1990-08-23 02:00:00;12.64;88.62;0.86;0.09;400;101.3
1990-08-23 03:00:00;12.58;88.95;1;0.12;400;101.3
1990-08-23 04:00:00;12.18;89.2;0.91;0.09;400;101.3
1990-08-23 05:00:00;11.83;90.2;0.86;0.12;400;101.3
1990-08-23 06:00:00;11.61;90.95;0.93;5.34;400;101.3
1990-08-23 07:00:00;13.38;88.58;0.92;77.07;400;101.3
1990-08-23 08:00:00;15.61;81.75;1.08;208.99;400;101.3
1990-08-23 09:00:00;17.62;76.43;1.26;386.31;400;101.3
1990-08-23 10:00:00;20.3;68.25;1.57;583.69;400;101.3
1990-08-23 11:00:00;22.75;61.85;1.86;754.54;400;101.3
1990-08-23 12:00:00;25.01;55.95;2.23;852.56;400;101.3
1990-08-23 13:00:00;26.98;49.95;2.65;863.02;400;101.3
1990-08-23 14:00:00;28.1;46;3.04;830.71;400;101.3
1990-08-23 15:00:00;28.72;43.95;3.42;731.68;400;101.3
1990-08-23 16:00:00;28.62;43.95;3.44;581.91;400;101.3
1990-08-23 17:00:00;27.79;44.48;3.48;407.33;400;101.3
1990-08-23 18:00:00;25.89;48.95;3.12;202.11;400;101.3
1990-08-23 19:00:00;23.11;57.76;2.52;29.82;400;101.3
1990-08-23 20:00:00;20.29;66.86;1.81;0.72;400;101.3
1990-08-23 21:00:00;17.99;73.81;1.34;0.18;400;101.3
1990-08-23 22:00:00;16.13;78.95;0.93;0.14;400;101.3
1990-08-23 23:00:00;14.96;82.6;0.83;0.14;400;101.3
1990-08-24 00:00:00;13.7;85.32;0.83;0.16;400;101.3
1990-08-24 01:00:00;12.82;88.05;0.71;0.16;400;101.3
1990-08-24 02:00:00;12;90.37;0.75;0.12;400;101.3
1990-08-24 03:00:00;11.68;92.95;0.76;0.07;400;101.3
1990-08-24 04:00:00;11.72;94;0.78;0.07;400;101.3
1990-08-24 05:00:00;11.99;94.43;0.85;0.09;400;101.3
1990-08-24 06:00:00;12.03;94.33;0.92;4.6;400;101.3
1990-08-24 07:00:00;13.15;91.86;0.92;69.79;400;101.3
1990-08-24 08:00:00;15.14;85.95;1.06;192.31;400;101.3
1990-08-24 09:00:00;16.92;79.65;1.26;401.44;400;101.3
1990-08-24 10:00:00;19.78;71.21;1.64;616.46;400;101.3
1990-08-24 11:00:00;22.15;63.55;1.96;780.3;400;101.3
1990-08-24 12:00:00;24.59;56.15;2.26;858.61;400;101.3
1990-08-24 13:00:00;26.71;49.5;2.72;872.86;400;101.3
1990-08-24 14:00:00;28.16;44.5;2.97;829.21;400;101.3
1990-08-24 15:00:00;28.8;41.9;3.18;726.95;400;101.3
1990-08-24 16:00:00;28.63;41.4;3.28;581.05;400;101.3
1990-08-24 17:00:00;27.37;44.35;3.33;403.38;400;101.3
1990-08-24 18:00:00;25.11;50.85;3.21;211.11;400;101.3
1990-08-24 19:00:00;22.31;58.1;2.46;27.41;400;101.3
1990-08-24 20:00:00;19.76;66.15;1.75;0.6;400;101.3
1990-08-24 21:00:00;17.38;74.15;1.26;0.14;400;101.3
1990-08-24 22:00:00;15.36;80.5;0.95;0.14;400;101.3
1990-08-24 23:00:00;13.95;85.3;0.83;0.12;400;101.3
1990-08-25 00:00:00;12.91;88.5;0.82;0.12;400;101.3
1990-08-25 01:00:00;12.19;91.4;0.82;0.14;400;101.3
1990-08-25 02:00:00;11.93;92.37;0.84;0.09;400;101.3
1990-08-25 03:00:00;11.47;92.9;0.87;0.07;400;101.3
1990-08-25 04:00:00;11.22;93.25;0.85;0.07;400;101.3
1990-08-25 05:00:00;11.06;93.65;0.88;0.07;400;101.3
1990-08-25 06:00:00;11.17;92.71;0.89;4.43;400;101.3
1990-08-25 07:00:00;12.73;90.05;0.92;75.2;400;101.3
1990-08-25 08:00:00;14.8;85.35;1.15;207.51;400;101.3
1990-08-25 09:00:00;16.73;77.55;1.28;393.34;400;101.3
1990-08-25 10:00:00;19.16;68.75;1.54;619.23;400;101.3
1990-08-25 11:00:00;21.24;62.11;1.86;778.96;400;101.3
1990-08-25 12:00:00;24.09;54.8;2.32;851.94;400;101.3
1990-08-25 13:00:00;26.19;48.8;2.82;852.95;400;101.3
1990-08-25 14:00:00;28.15;43.38;3.16;814.96;400;101.3
1990-08-25 15:00:00;28.26;42.95;3.32;718.61;400;101.3
1990-08-25 16:00:00;28.1;42.05;3.39;584.61;400;101.3
1990-08-25 17:00:00;26.97;43.95;3.55;397.1;400;101.3
1990-08-25 18:00:00;25.13;48.2;3.2;207.76;400;101.3
1990-08-25 19:00:00;22.31;56.65;2.6;25.08;400;101.3
1990-08-25 20:00:00;19.77;64.4;1.82;0.48;400;101.3
1990-08-25 21:00:00;17.76;69.81;1.33;0.14;400;101.3
1990-08-25 22:00:00;15.88;75.48;0.98;0.14;400;101.3
1990-08-25 23:00:00;14.21;81.1;0.9;0.09;400;101.3
1990-08-26 00:00:00;13.17;84.45;0.9;0.12;400;101.3
1990-08-26 01:00:00;12.29;87.2;0.81;0.09;400;101.3
1990-08-26 02:00:00;11.65;90.25;0.83;0.12;400;101.3
1990-08-26 03:00:00;11.49;91.75;0.81;0.09;400;101.3
1990-08-26 04:00:00;11.08;92.15;0.77;0.07;400;101.3
1990-08-26 05:00:00;11.1;92.24;0.8;0.05;400;101.3
1990-08-26 06:00:00;11.32;92;0.8;4.25;400;101.3
1990-08-26 07:00:00;12.7;89.86;0.87;74.46;400;101.3
1990-08-26 08:00:00;15.09;82.43;1.14;198.83;400;101.3
1990-08-26 09:00:00;17.08;75.86;1.33;383.2;400;101.3
1990-08-26 10:00:00;19.83;67.05;1.57;605.4;400;101.3
1990-08-26 11:00:00;22.52;58.9;2.03;744.45;400;101.3
1990-08-26 12:00:00;24.74;52.57;2.37;819.37;400;101.3
1990-08-26 13:00:00;26.61;47.76;2.76;833.16;400;101.3
1990-08-26 14:00:00;28.13;43.67;2.94;790.27;400;101.3
1990-08-26 15:00:00;29.27;39.33;2.93;696.46;400;101.3
1990-08-26 16:00:00;29.37;37.43;3.17;541.81;400;101.3
1990-08-26 17:00:00;28.53;38.67;3.17;373.27;400;101.3
1990-08-26 18:00:00;26.54;44.38;2.94;194.02;400;101.3
1990-08-26 19:00:00;23.53;52.67;2.4;24.99;400;101.3
1990-08-26 20:00:00;20.51;61.62;1.72;0.51;400;101.3
1990-08-26 21:00:00;17.99;69.45;1.33;0.09;400;101.3
1990-08-26 22:00:00;16.12;75.35;1.03;0.09;400;101.3
1990-08-26 23:00:00;14.7;79.3;0.92;0.07;400;101.3
1990-08-27 00:00:00;13.69;82;0.88;0.09;400;101.3
1990-08-27 01:00:00;12.5;85.84;0.79;0.09;400;101.3
1990-08-27 02:00:00;11.79;88.26;0.81;0.07;400;101.3
1990-08-27 03:00:00;11.68;90.37;0.84;0.09;400;101.3
1990-08-27 04:00:00;11.3;90.84;0.81;0.07;400;101.3
1990-08-27 05:00:00;11.04;91.58;0.9;0.09;400;101.3
1990-08-27 06:00:00;10.77;92.16;0.8;4.46;400;101.3
1990-08-27 07:00:00;12.48;88.89;0.88;86.56;400;101.3
1990-08-27 08:00:00;15.28;81;1.05;236.7;400;101.3
1990-08-27 09:00:00;17.58;72.11;1.33;416.87;400;101.3
1990-08-27 10:00:00;20.66;63.3;1.65;635.77;400;101.3
1990-08-27 11:00:00;23.32;56;1.9;772.63;400;101.3
1990-08-27 12:00:00;25.79;48.95;2.19;842.19;400;101.3
1990-08-27 13:00:00;28.22;42.14;2.55;847.13;400;101.3
1990-08-27 14:00:00;29.8;37.9;2.95;818.68;400;101.3
1990-08-27 15:00:00;30.65;36.05;3.13;719.53;400;101.3
1990-08-27 16:00:00;30.77;34.86;3.25;569.74;400;101.3
1990-08-27 17:00:00;29.51;37.57;3.38;389.22;400;101.3
1990-08-27 18:00:00;27.7;41.1;3.02;198.06;400;101.3
1990-08-27 19:00:00;24.68;47.95;2.46;20.81;400;101.3
1990-08-27 20:00:00;21.46;56.52;1.65;0.42;400;101.3
1990-08-27 21:00:00;18.44;64.71;1.21;0.14;400;101.3
1990-08-27 22:00:00;16.83;68.25;1.03;0.09;400;101.3
1990-08-27 23:00:00;15.12;73.9;0.9;0.14;400;101.3
1990-08-28 00:00:00;14;78.05;0.83;0.14;400;101.3
1990-08-28 01:00:00;12.95;81.38;0.75;0.09;400;101.3
1990-08-28 02:00:00;12.43;83.35;0.73;0.07;400;101.3
1990-08-28 03:00:00;11.88;86.7;0.75;0.07;400;101.3
1990-08-28 04:00:00;11.3;89.14;0.77;0.07;400;101.3
1990-08-28 05:00:00;10.95;90.43;0.73;0.07;400;101.3
1990-08-28 06:00:00;10.61;91.24;0.71;4.53;400;101.3
1990-08-28 07:00:00;13.14;85.37;0.74;91.97;400;101.3
1990-08-28 08:00:00;16.11;77.3;0.97;258.71;400;101.3
1990-08-28 09:00:00;18.36;68.53;1.2;443.66;400;101.3
1990-08-28 10:00:00;21.18;59.74;1.44;622.56;400;101.3
1990-08-28 11:00:00;23.55;53.06;1.79;764.87;400;101.3
1990-08-28 12:00:00;25.84;46.94;2.2;832.93;400;101.3
1990-08-28 13:00:00;27.85;42.78;2.62;852.88;400;101.3
1990-08-28 14:00:00;29.54;39.63;2.92;806.76;400;101.3
1990-08-28 15:00:00;29.99;38.89;3.35;700.02;400;101.3
1990-08-28 16:00:00;29.98;38.85;3.52;548.12;400;101.3
1990-08-28 17:00:00;29.06;40.25;3.41;371.07;400;101.3
1990-08-28 18:00:00;27.21;43.15;3.2;183.1;400;101.3
1990-08-28 19:00:00;24.22;49.5;2.68;19.28;400;101.3
1990-08-28 20:00:00;20.92;58.16;1.76;0.37;400;101.3
1990-08-28 21:00:00;18.85;64.3;1.28;0.09;400;101.3
1990-08-28 22:00:00;17.05;69.76;0.88;0.12;400;101.3
1990-08-28 23:00:00;15.23;77;0.79;0.12;400;101.3
1990-08-29 00:00:00;13.85;82;0.79;0.14;400;101.3
1990-08-29 01:00:00;13.2;85.53;0.78;0.05;400;101.3
1990-08-29 02:00:00;12.75;87.84;0.76;0.09;400;101.3
1990-08-29 03:00:00;12.28;90.05;0.75;0.05;400;101.3
1990-08-29 04:00:00;12.24;91.25;0.76;0.07;400;101.3
1990-08-29 05:00:00;12.16;91.14;0.81;0.09;400;101.3
1990-08-29 06:00:00;12.05;92;0.85;3.83;400;101.3
1990-08-29 07:00:00;13.51;88.8;0.82;78.55;400;101.3
1990-08-29 08:00:00;16.06;80.55;1.03;224.83;400;101.3
1990-08-29 09:00:00;17.89;74.65;1.21;389.29;400;101.3
1990-08-29 10:00:00;20.31;66.55;1.52;604.4;400;101.3
1990-08-29 11:00:00;23.2;57.53;1.8;737.32;400;101.3
1990-08-29 12:00:00;25.49;51.84;2.25;805.75;400;101.3
1990-08-29 13:00:00;27.46;47.21;2.62;812.14;400;101.3
1990-08-29 14:00:00;27.96;45.35;2.91;767.09;400;101.3
1990-08-29 15:00:00;28.9;42.61;3.21;680.71;400;101.3
1990-08-29 16:00:00;29.09;41.47;3.46;532.71;400;101.3
1990-08-29 17:00:00;28.15;42.74;3.41;373.13;400;101.3
1990-08-29 18:00:00;25.25;48.21;3.01;180.12;400;101.3
1990-08-29 19:00:00;23.09;54.15;2.43;17.88;400;101.3
1990-08-29 20:00:00;20.09;64.26;1.79;0.3;400;101.3
1990-08-29 21:00:00;18.07;70.95;1.35;0.16;400;101.3
1990-08-29 22:00:00;16.63;73.95;1.07;0.09;400;101.3
1990-08-29 23:00:00;15.07;79.65;0.95;0.12;400;101.3
1990-08-30 00:00:00;13.88;83.7;0.94;0.12;400;101.3
1990-08-30 01:00:00;13.34;86.05;0.92;0.14;400;101.3
1990-08-30 02:00:00;12.81;88;0.9;0.09;400;101.3
1990-08-30 03:00:00;12.56;88.85;0.89;0.07;400;101.3
1990-08-30 04:00:00;12.4;88.95;0.9;0.05;400;101.3
1990-08-30 05:00:00;12.41;89.35;0.92;0.09;400;101.3
1990-08-30 06:00:00;12.07;89.26;0.9;2.98;400;101.3
1990-08-30 07:00:00;13.36;89.17;0.96;67.09;400;101.3
1990-08-30 08:00:00;15.39;83;1.28;210.77;400;101.3
1990-08-30 09:00:00;17.31;75.6;1.46;386.89;400;101.3
1990-08-30 10:00:00;19.51;66.65;1.78;567.27;400;101.3
1990-08-30 11:00:00;22.56;56.95;2.05;702.72;400;101.3
1990-08-30 12:00:00;24.85;50.9;2.3;796.25;400;101.3
1990-08-30 13:00:00;26.27;46.58;2.7;827.32;400;101.3
1990-08-30 14:00:00;28.14;42.25;3.01;779.72;400;101.3
1990-08-30 15:00:00;28.82;40.75;3.12;686.16;400;101.3
1990-08-30 16:00:00;28.65;40.75;3.26;532.48;400;101.3
1990-08-30 17:00:00;27.53;43.35;3.28;357.35;400;101.3
1990-08-30 18:00:00;25;49.52;3.04;172.64;400;101.3
1990-08-30 19:00:00;22.06;57.95;2.41;16.67;400;101.3
1990-08-30 20:00:00;19.13;66.9;1.84;0.3;400;101.3
1990-08-30 21:00:00;17.05;73.65;1.31;0.09;400;101.3
1990-08-30 22:00:00;15.35;79.35;1.04;0.12;400;101.3
1990-08-30 23:00:00;14.06;83.55;0.88;0.12;400;101.3
1990-08-31 00:00:00;13.14;86;0.86;0.14;400;101.3
1990-08-31 01:00:00;12.47;88.05;0.83;0.09;400;101.3
1990-08-31 02:00:00;11.93;89.45;0.79;0.12;400;101.3
1990-08-31 03:00:00;11.62;90.3;0.78;0.09;400;101.3
1990-08-31 04:00:00;11.34;90.3;0.81;0.07;400;101.3
1990-08-31 05:00:00;11.44;90.44;0.83;0.09;400;101.3
1990-08-31 06:00:00;11.34;90.89;0.85;3.12;400;101.3
1990-08-31 07:00:00;12.61;89.42;0.89;72.06;400;101.3
1990-08-31 08:00:00;15.07;81.25;1.04;211.76;400;101.3
1990-08-31 09:00:00;17.07;74.4;1.34;395.46;400;101.3
1990-08-31 10:00:00;19.94;65.9;1.56;619.23;400;101.3
1990-08-31 11:00:00;22.63;57.9;1.84;757.15;400;101.3
1990-08-31 12:00:00;24.6;52.5;2.14;830.57;400;101.3
1990-08-31 13:00:00;27.3;45;2.52;856.21;400;101.3
1990-08-31 14:00:00;28.94;40.86;2.97;800.07;400;101.3
1990-08-31 15:00:00;29.82;38.62;3.06;691.75;400;101.3
1990-08-31 16:00:00;29.79;37.38;3.06;537.75;400;101.3
1990-08-31 17:00:00;28.82;38.71;3.13;367.65;400;101.3
1990-08-31 18:00:00;26.76;43.1;2.73;178.27;400;101.3
1990-08-31 19:00:00;23.69;51.1;2.29;15.91;400;101.3
1990-08-31 20:00:00;20.83;60.81;1.7;0.25;400;101.3
1990-08-31 21:00:00;18.35;69.19;1.18;0.12;400;101.3
1990-08-31 22:00:00;16.37;74.95;0.86;0.14;400;101.3
1990-08-31 23:00:00;14.87;79.95;0.82;0.12;400;101.3
1990-09-01 00:00:00;13.79;84;0.76;0.12;400;101.3
1990-09-01 01:00:00;13.09;87.14;0.76;0.12;400;101.3
1990-09-01 02:00:00;12.65;91.05;0.84;0.12;400;101.3
1990-09-01 03:00:00;12.3;92.4;0.88;0.09;400;101.3
1990-09-01 04:00:00;11.92;93.45;0.93;0.09;400;101.3
1990-09-01 05:00:00;11.54;94.05;0.94;0.09;400;101.3
1990-09-01 06:00:00;11.46;94.45;0.9;2.98;400;101.3
1990-09-01 07:00:00;12.82;92.58;0.97;68.27;400;101.3
1990-09-01 08:00:00;15.29;84.95;1.04;195.15;400;101.3
1990-09-01 09:00:00;17.47;76.86;1.25;362.04;400;101.3
1990-09-01 10:00:00;20.23;66.14;1.54;596.97;400;101.3
1990-09-01 11:00:00;22.91;58.24;1.84;714.5;400;101.3
1990-09-01 12:00:00;25.42;51.67;2.17;796;400;101.3
1990-09-01 13:00:00;27.74;45.53;2.64;811.08;400;101.3
1990-09-01 14:00:00;29.24;41.47;2.99;772.3;400;101.3
1990-09-01 15:00:00;30.06;38.68;3.07;667.43;400;101.3
1990-09-01 16:00:00;30;38.11;3.09;529.3;400;101.3
1990-09-01 17:00:00;29.26;38.68;2.9;361.46;400;101.3
1990-09-01 18:00:00;26.06;45.56;2.79;171.81;400;101.3
1990-09-01 19:00:00;22.93;53.28;2.12;15.01;400;101.3
1990-09-01 20:00:00;20.12;62.28;1.35;0.21;400;101.3
1990-09-01 21:00:00;17.92;68.37;1.06;0.14;400;101.3
1990-09-01 22:00:00;16.1;73.68;0.85;0.23;400;101.3
1990-09-01 23:00:00;14.58;77.45;0.76;0.23;400;101.3
1990-09-02 00:00:00;13.71;80.62;0.81;0.21;400;101.3
1990-09-02 01:00:00;12.81;84.38;0.72;0.23;400;101.3
1990-09-02 02:00:00;12.19;87.29;0.72;0.21;400;101.3
1990-09-02 03:00:00;11.68;89.71;0.72;0.16;400;101.3
1990-09-02 04:00:00;11.3;91.33;0.74;0.18;400;101.3
1990-09-02 05:00:00;11.36;91.81;0.79;0.18;400;101.3
1990-09-02 06:00:00;11.33;92.05;0.84;2.68;400;101.3
1990-09-02 07:00:00;12.74;89.71;0.79;75.96;400;101.3
1990-09-02 08:00:00;15.97;80.19;0.98;222.57;400;101.3
1990-09-02 09:00:00;18.56;72.14;1.11;410.49;400;101.3
1990-09-02 10:00:00;21.21;62.38;1.39;570.34;400;101.3
1990-09-02 11:00:00;23.25;56.32;1.83;748.03;400;101.3
1990-09-02 12:00:00;26.1;48.6;2.13;808.15;400;101.3
1990-09-02 13:00:00;27.83;44;2.51;826.19;400;101.3
1990-09-02 14:00:00;29.88;38.75;2.8;778.73;400;101.3
1990-09-02 15:00:00;30.78;36.1;2.87;675.72;400;101.3
1990-09-02 16:00:00;30.76;34.35;3.04;541.79;400;101.3
1990-09-02 17:00:00;29.66;36.5;3.03;365.94;400;101.3
1990-09-02 18:00:00;27.09;40.58;2.87;168.64;400;101.3
1990-09-02 19:00:00;23.28;49.89;2.23;14.43;400;101.3
1990-09-02 20:00:00;20.45;57.67;1.61;0.23;400;101.3
1990-09-02 21:00:00;18.45;64.95;1.2;0.16;400;101.3
1990-09-02 22:00:00;16.27;71.95;1;0.16;400;101.3
1990-09-02 23:00:00;14.8;76.81;0.89;0.14;400;101.3
1990-09-03 00:00:00;13.54;82.35;0.84;0.14;400;101.3
1990-09-03 01:00:00;12.58;87.58;0.87;0.16;400;101.3
1990-09-03 02:00:00;12.05;89;0.84;0.16;400;101.3
1990-09-03 03:00:00;11.61;90.6;0.87;0.16;400;101.3
1990-09-03 04:00:00;11.26;91.75;0.86;0.14;400;101.3
1990-09-03 05:00:00;10.98;92.4;0.85;0.16;400;101.3
1990-09-03 06:00:00;10.77;93.55;0.88;2.54;400;101.3
1990-09-03 07:00:00;12.32;91.65;0.92;74.97;400;101.3
1990-09-03 08:00:00;15.39;81.35;1.21;230.17;400;101.3
1990-09-03 09:00:00;18.1;69.9;1.36;402.11;400;101.3
1990-09-03 10:00:00;20.38;62.95;1.63;574.89;400;101.3
1990-09-03 11:00:00;22.9;55.24;1.97;743.87;400;101.3
1990-09-03 12:00:00;25.24;49.19;2.24;818.03;400;101.3
1990-09-03 13:00:00;27.08;44.1;2.8;814.5;400;101.3
1990-09-03 14:00:00;28.28;41.81;3.15;778.01;400;101.3
1990-09-03 15:00:00;28.92;40.14;3.37;697.89;400;101.3
1990-09-03 16:00:00;29.08;38.62;3.3;548.42;400;101.3
1990-09-03 17:00:00;28.24;39;3.32;365.34;400;101.3
1990-09-03 18:00:00;26.2;42.05;3;166.08;400;101.3
1990-09-03 19:00:00;22.95;50.35;2.42;12.56;400;101.3
1990-09-03 20:00:00;19.97;59.84;1.72;0.21;400;101.3
1990-09-03 21:00:00;17.75;66.3;1.22;0.18;400;101.3
1990-09-03 22:00:00;15.61;73.4;0.91;0.16;400;101.3
1990-09-03 23:00:00;13.9;78.63;0.87;0.16;400;101.3
1990-09-04 00:00:00;13.05;80.65;0.85;0.16;400;101.3
1990-09-04 01:00:00;12.03;86.42;0.8;0.16;400;101.3
1990-09-04 02:00:00;11.37;89.26;0.81;0.12;400;101.3
1990-09-04 03:00:00;10.82;91;0.77;0.09;400;101.3
1990-09-04 04:00:00;10.53;92.42;0.79;0.09;400;101.3
1990-09-04 05:00:00;10.64;92.8;0.77;0.14;400;101.3
1990-09-04 06:00:00;10.28;93.47;0.83;2.56;400;101.3
1990-09-04 07:00:00;11.77;91.79;0.8;76.24;400;101.3
1990-09-04 08:00:00;14.92;81.42;1.07;226.43;400;101.3
1990-09-04 09:00:00;17.11;74.26;1.28;408.99;400;101.3
1990-09-04 10:00:00;20.1;63.9;1.51;610.73;400;101.3
1990-09-04 11:00:00;22.31;58.42;1.86;753.69;400;101.3
1990-09-04 12:00:00;25.15;50.05;2.13;815.79;400;101.3
1990-09-04 13:00:00;27.01;44.8;2.39;807.89;400;101.3
1990-09-04 14:00:00;28.24;40.8;2.85;774.34;400;101.3
1990-09-04 15:00:00;28.78;39.95;3.11;678.7;400;101.3
1990-09-04 16:00:00;28.34;40.75;3.41;539.8;400;101.3
1990-09-04 17:00:00;27.64;41.4;3.42;357.61;400;101.3
1990-09-04 18:00:00;25.32;46.32;3.15;162.48;400;101.3
1990-09-04 19:00:00;22.32;54.11;2.3;11.66;400;101.3
1990-09-04 20:00:00;19.5;64.32;1.61;0.16;400;101.3
1990-09-04 21:00:00;17;71.63;1.09;0.16;400;101.3
1990-09-04 22:00:00;15.13;77.53;0.94;0.14;400;101.3
1990-09-04 23:00:00;13.63;79.58;0.84;0.16;400;101.3
1990-09-05 00:00:00;12.5;82.53;0.78;0.14;400;101.3
1990-09-05 01:00:00;11.7;84.89;0.83;0.14;400;101.3
1990-09-05 02:00:00;11.06;87.47;0.77;0.12;400;101.3
1990-09-05 03:00:00;10.59;90.84;0.72;0.14;400;101.3
1990-09-05 04:00:00;10.72;90.9;0.72;0.16;400;101.3
1990-09-05 05:00:00;10.46;91.7;0.78;0.16;400;101.3
1990-09-05 06:00:00;10.18;92;0.76;2.73;400;101.3
1990-09-05 07:00:00;12.03;87.95;0.82;78.52;400;101.3
1990-09-05 08:00:00;15.2;78.06;0.95;223.65;400;101.3
1990-09-05 09:00:00;18.12;68.58;1.2;393.17;400;101.3
1990-09-05 10:00:00;20.98;60.05;1.4;569.99;400;101.3
1990-09-05 11:00:00;23.68;51.9;1.65;728.38;400;101.3
1990-09-05 12:00:00;26.07;46.1;1.97;812.86;400;101.3
1990-09-05 13:00:00;27.97;41.05;2.45;835.68;400;101.3
1990-09-05 14:00:00;29.28;36.85;2.81;791.66;400;101.3
1990-09-05 15:00:00;29.97;34.2;2.82;689.07;400;101.3
1990-09-05 16:00:00;30.08;33.15;2.95;536.18;400;101.3
1990-09-05 17:00:00;29.4;34.81;3.03;349.73;400;101.3
1990-09-05 18:00:00;26.57;41.58;2.83;153.21;400;101.3
1990-09-05 19:00:00;23.32;50.26;2.11;10.95;400;101.3
1990-09-05 20:00:00;19.86;58.33;1.35;0.25;400;101.3
1990-09-05 21:00:00;17.13;65.94;1.09;0.18;400;101.3
1990-09-05 22:00:00;15.58;68.85;0.87;0.16;400;101.3
1990-09-05 23:00:00;14.32;73.6;0.87;0.14;400;101.3
1990-09-06 00:00:00;13.22;77;0.86;0.14;400;101.3
1990-09-06 01:00:00;12.16;79.35;0.83;0.12;400;101.3
1990-09-06 02:00:00;11.6;80.95;0.79;0.14;400;101.3
1990-09-06 03:00:00;10.79;84.58;0.78;0.09;400;101.3
1990-09-06 04:00:00;10.35;86.58;0.75;0.02;400;101.3
1990-09-06 05:00:00;10.11;88.53;0.79;0.05;400;101.3
1990-09-06 06:00:00;9.77;89.63;0.8;2.03;400;101.3
1990-09-06 07:00:00;11.39;87.32;0.74;72.68;400;101.3
1990-09-06 08:00:00;15.01;76.11;1.04;225.25;400;101.3
1990-09-06 09:00:00;17.77;69.68;1.24;384.97;400;101.3
1990-09-06 10:00:00;21.16;59.81;1.52;575.95;400;101.3
1990-09-06 11:00:00;23.7;52.5;1.75;735.56;400;101.3
1990-09-06 12:00:00;26.56;44;2.34;827.99;400;101.3
1990-09-06 13:00:00;28.2;40.62;2.71;836.49;400;101.3
1990-09-06 14:00:00;29.03;37.65;2.99;787.87;400;101.3
1990-09-06 15:00:00;29.55;35.8;3.09;677.48;400;101.3
1990-09-06 16:00:00;29.15;36.35;3.37;529.78;400;101.3
1990-09-06 17:00:00;27.96;38.85;3.44;344.9;400;101.3
1990-09-06 18:00:00;25.56;43.95;3.15;146.35;400;101.3
1990-09-06 19:00:00;22.28;50.59;2.12;10.19;400;101.3
1990-09-06 20:00:00;19.52;57.83;1.36;0.25;400;101.3
1990-09-06 21:00:00;17.23;62.95;1.21;0.18;400;101.3
1990-09-06 22:00:00;15.14;69.74;0.94;0.18;400;101.3
1990-09-06 23:00:00;13.97;73.3;0.87;0.16;400;101.3
1990-09-07 00:00:00;12.73;77;0.78;0.16;400;101.3